,ca,t,cs,fs,tot
system,1212,70,16,2,1300
use,710,73,202,16,1001
develop,656,38,51,10,755
studi,364,41,290,43,738
applic,354,39,33,0,426
research,186,27,204,8,425
help,358,19,34,3,414
manag,133,7,217,37,394
butuan,168,5,137,43,353
propon,309,9,2,31,351
citi,142,3,123,64,332
data,162,34,108,8,312
abstract,198,36,74,0,308
process,180,27,70,16,293
mean,129,5,137,1,272
provid,211,7,33,17,268
inform,201,20,24,22,267
user,232,23,0,2,257
custom,20,4,215,13,252
result,133,16,93,8,250
servic,107,2,106,34,249
base,184,12,34,18,248
method,111,20,97,4,232
project,75,1,5,146,227
keyword,203,22,0,0,225
area,85,3,108,27,223
evalu,77,4,140,1,222
collect,62,4,150,4,220
monitor,157,6,45,0,208
locat,156,0,18,28,202
product,54,1,78,67,200
conduct,122,2,70,1,195
busi,43,0,71,80,194
detect,174,16,0,0,190
make,154,6,16,11,187
implement,78,11,93,4,186
mobil,171,13,0,0,184
respond,62,4,114,4,184
survey,106,3,75,0,184
credit,45,0,134,2,181
time,114,19,27,13,173
prototyp,166,6,0,0,172
effici,150,9,3,9,171
need,94,11,42,23,170
order,108,9,46,6,169
student,153,8,2,6,169
game,160,0,0,0,160
peopl,144,4,2,8,158
technolog,119,16,2,16,153
follow,74,16,54,8,152
gather,89,2,56,3,150
descript,10,2,131,6,149
qualiti,100,0,44,4,148
employe,26,0,117,4,147
design,109,7,20,6,142
total,81,3,34,23,141
android,118,22,0,0,140
gener,62,16,33,29,140
propos,50,10,17,61,138
year,22,4,21,91,138
model,113,8,14,2,137
questionnair,61,2,73,1,137
access,106,12,4,11,133
softwar,129,3,0,0,132
oper,48,5,21,56,130
recommend,64,0,61,5,130
case,18,7,101,1,127
function,99,4,21,3,127
requir,77,2,26,22,127
purpos,60,0,62,4,126
sensor,123,0,0,0,123
test,116,6,0,1,123
manual,107,6,6,1,120
problem,64,15,34,7,120
schedul,71,35,14,0,120
compani,12,0,98,6,116
commun,80,5,17,13,115
give,82,3,20,8,113
improv,58,7,44,4,113
level,76,13,21,3,113
find,58,3,41,10,112
weight,8,1,100,3,112
object,87,13,5,6,111
inventori,9,0,99,1,109
creat,84,9,15,0,108
effect,56,1,39,12,108
accept,98,1,5,2,106
must,31,4,69,0,104
specif,45,6,45,8,104
control,61,4,37,1,103
market,14,0,31,57,102
term,43,0,54,5,102
comput,68,19,0,14,101
standard,54,1,45,1,101
assess,39,0,61,0,100
notif,96,4,0,0,100
perform,57,11,32,0,100
featur,97,2,0,0,99
record,75,2,18,4,99
hous,85,0,7,6,98
identifi,84,6,8,0,98
vehicl,93,3,0,0,96
aim,55,6,30,4,95
autom,86,9,0,0,95
cooper,0,0,94,1,95
show,30,6,47,12,95
account,12,0,77,5,94
store,21,4,66,3,94
devic,87,6,0,0,93
offic,60,0,16,17,93
practic,3,0,89,1,93
includ,57,3,24,8,92
number,56,23,9,4,92
reliabl,86,0,6,0,92
water,87,0,2,3,92
aclc,49,2,35,5,91
increas,20,3,35,33,91
barangay,60,4,6,20,90
owner,82,0,4,4,90
rate,26,5,35,23,89
abl,62,4,15,7,88
transact,80,1,5,2,88
current,54,4,27,2,87
build,31,1,40,14,86
food,41,0,24,21,86
highli,80,0,2,4,86
person,60,6,11,9,86
determin,50,8,20,7,85
focus,63,5,17,0,85
automat,74,5,5,0,84
summari,55,0,2,27,84
activ,59,5,9,10,83
execut,57,0,3,23,83
conclud,60,5,15,1,81
learn,70,6,4,1,81
phone,75,5,0,1,81
obtain,60,2,15,3,80
raspberri,80,0,0,0,80
avail,51,2,13,13,79
code,61,15,3,0,79
plant,48,0,0,31,79
receiv,44,4,28,3,79
sampl,5,1,73,0,79
could,52,8,16,2,78
recognit,51,26,1,0,78
everi,53,7,11,5,76
found,53,5,16,1,75
establish,32,1,17,24,74
nort,36,1,30,6,73
track,67,4,1,1,73
borrow,22,1,47,2,72
chang,50,2,19,1,72
hardwar,58,2,12,0,72
satisfact,4,0,66,2,72
solut,55,8,8,1,72
analysi,50,6,6,9,71
cash,7,0,58,6,71
averag,16,2,47,5,70
bill,44,11,15,0,70
school,61,0,0,9,70
secur,61,0,5,4,70
life,63,2,1,3,69
present,35,5,19,10,69
especi,52,2,13,1,68
exist,38,2,18,10,68
usabl,65,1,2,0,68
agusan,13,1,30,23,67
differ,50,5,8,4,67
import,52,0,8,7,67
camera,60,6,0,0,66
health,66,0,0,0,66
organ,31,4,21,10,66
plan,35,0,23,8,66
possibl,39,7,20,0,66
tool,50,8,6,2,66
util,39,3,15,9,66
caraga,53,5,0,7,65
like,54,6,4,1,65
network,43,20,0,2,65
respons,32,5,26,2,65
support,47,0,10,8,65
diseas,63,0,0,1,64
sinc,37,3,14,10,64
verbal,2,0,62,0,64
alcohol,63,0,0,0,63
invest,8,0,8,47,63
local,27,4,1,31,63
report,47,4,10,2,63
statu,58,2,3,0,63
view,60,1,2,0,63
webbas,63,0,0,0,63
allow,43,7,8,4,62
appli,22,3,35,2,62
approach,47,11,2,2,62
item,36,0,22,3,61
name,40,4,8,9,61
work,31,5,20,5,61
analyz,28,10,22,0,60
polici,2,0,56,2,60
cycl,52,1,3,3,59
error,50,2,6,1,59
internet,47,1,10,1,59
loan,1,0,50,8,59
sanit,53,0,6,0,59
employ,22,1,23,12,58
region,27,2,0,29,58
sdlc,56,2,0,0,58
exam,57,0,0,0,57
interview,17,0,38,2,57
place,31,1,11,14,57
promot,20,0,29,8,57
sourc,20,14,11,12,57
therefor,37,1,13,6,57
depart,21,1,16,18,56
expert,56,0,0,0,56
face,47,2,7,0,56
high,38,1,7,10,56
strategi,6,0,48,2,56
assist,42,7,3,3,55
fire,55,0,0,0,55
map,44,11,0,0,55
offer,21,3,17,14,55
resid,46,1,3,5,55
scale,22,1,31,1,55
well,22,2,18,13,55
colleg,7,4,35,8,54
imag,35,19,0,0,54
payment,6,0,48,0,54
serv,36,1,11,6,54
accord,36,2,15,0,53
administr,26,4,18,5,53
aquino,0,0,48,5,53
arduino,53,0,0,0,53
avoid,25,4,23,1,53
book,32,6,13,2,53
involv,25,4,20,4,53
procedur,22,2,29,0,53
real,48,4,1,0,53
send,37,3,12,1,53
admin,52,0,0,0,52
avenu,1,1,44,6,52
concern,39,3,8,2,52
less,9,1,35,7,52
mechan,29,3,17,3,52
messag,47,0,5,0,52
demand,9,0,10,32,51
environ,22,3,25,1,51
good,22,1,25,3,51
knowledg,37,2,9,3,51
materi,18,2,11,20,51
member,2,1,38,10,51
rice,49,0,1,1,51
sale,12,0,19,20,51
waterfal,51,0,0,0,51
affect,30,2,18,0,50
come,24,8,8,10,50
decis,43,1,4,2,50
idea,42,5,1,2,50
institut,31,8,7,4,50
measur,39,0,8,3,50
relev,43,2,5,0,50
thu,23,2,19,6,50
addit,27,3,12,7,49
center,34,1,0,14,49
client,25,0,18,6,49
covid19,33,16,0,0,49
inde,49,0,0,0,49
languag,23,26,0,0,49
advanc,38,4,3,3,48
consid,11,2,26,9,48
disinfect,48,0,0,0,48
distribut,8,1,32,7,48
financi,7,0,12,29,48
garbag,48,0,0,0,48
overal,20,1,25,2,48
period,8,2,17,21,48
agricultur,34,0,0,13,47
appropri,30,2,7,8,47
cost,3,3,10,31,47
enhanc,29,3,12,3,47
evacu,47,0,0,0,47
first,20,1,10,16,47
human,39,8,0,0,47
industri,14,3,4,26,47
light,21,0,25,1,47
reveal,2,1,39,5,47
check,28,4,14,0,46
condit,18,5,18,5,46
consist,22,4,17,3,46
main,30,4,9,3,46
safeti,45,0,1,0,46
save,27,4,12,3,46
three,12,2,30,2,46
benefit,31,1,1,12,45
form,13,11,8,13,45
made,28,3,8,6,45
major,30,3,7,5,45
produc,12,8,6,19,45
program,30,4,6,5,45
relat,27,5,6,7,45
spread,40,3,0,2,45
four,9,3,31,1,44
individu,37,4,3,0,44
physic,13,0,31,0,44
price,0,0,23,21,44
primari,19,1,19,5,44
aspect,9,0,2,32,43
care,26,0,15,2,43
entitl,19,0,24,0,43
five,7,0,5,31,43
interact,35,7,1,0,43
librari,34,9,0,0,43
posit,32,0,8,3,43
select,32,1,9,1,43
take,28,4,7,4,43
teacher,40,1,2,0,43
among,9,4,25,4,42
databas,34,8,0,0,42
furthermor,36,0,5,1,42
googl,41,0,1,0,42
innov,25,5,10,2,42
play,41,0,1,0,42
start,18,4,11,9,42
step,42,0,0,0,42
within,24,1,7,10,42
altern,23,3,11,4,41
becom,29,4,3,5,41
coin,41,0,0,0,41
facil,26,0,8,7,41
finish,37,0,1,3,41
given,17,4,18,2,41
investig,8,2,31,0,41
modul,40,1,0,0,41
part,20,8,5,8,41
resourc,17,10,5,9,41
answer,20,3,14,3,40
assign,16,7,15,2,40
elimin,40,0,0,0,40
profit,2,0,4,34,40
robot,40,0,0,0,40
temperatur,36,0,2,2,40
delinqu,0,0,39,0,39
equip,6,0,22,11,39
farmer,36,0,0,3,39
interfac,38,1,0,0,39
iter,39,0,0,0,39
search,32,7,0,0,39
state,21,8,9,1,39
updat,32,0,7,0,39
address,28,8,1,1,38
algorithm,17,21,0,0,38
amount,10,2,8,18,38
complet,19,2,14,3,38
conveni,11,0,23,4,38
corpor,3,0,25,10,38
educ,24,2,8,4,38
expect,0,1,24,13,38
onlin,35,0,2,1,38
paper,19,13,2,4,38
philippin,22,3,3,10,38
traffic,28,10,0,0,38
wast,37,1,0,0,38
author,24,10,1,2,37
contain,28,6,2,1,37
flood,37,0,0,0,37
neural,19,18,0,0,37
phase,27,10,0,0,37
popul,13,1,3,20,37
prepar,15,2,13,7,37
reach,25,0,10,2,37
restaur,5,0,26,6,37
vehicular,37,0,0,0,37
easili,34,0,1,1,36
enumer,0,0,36,0,36
event,24,2,2,8,36
goal,35,0,1,0,36
govern,9,2,1,24,36
guid,33,0,2,1,36
live,30,0,2,4,36
machin,30,1,4,1,36
pattern,32,4,0,0,36
pedestrian,36,0,0,0,36
proper,8,0,22,6,36
regard,17,3,14,2,36
situat,22,3,2,9,36
success,25,5,4,2,36
suppli,8,0,1,27,36
technic,15,1,0,20,36
awar,29,2,3,1,35
choos,25,0,9,1,35
easi,29,0,2,4,35
file,25,3,7,0,35
futur,24,3,3,5,35
howev,17,7,5,6,35
month,8,10,9,8,35
open,26,6,0,3,35
satisfi,2,3,29,1,35
scan,31,3,1,0,35
station,24,0,11,0,35
compon,31,1,1,1,34
decid,32,0,2,0,34
fast,26,2,1,5,34
integr,18,2,5,9,34
meet,6,6,13,9,34
modern,31,0,2,1,34
natur,18,9,6,1,34
personnel,12,4,8,10,34
platform,31,3,0,0,34
scienc,6,7,18,3,34
techniqu,15,6,13,0,34
version,31,3,0,0,34
capabl,26,1,2,4,33
cours,21,9,0,3,33
feasibl,0,1,2,30,33
mysql,29,4,0,0,33
player,33,0,0,0,33
sometim,3,0,30,0,33
train,16,6,11,0,33
type,24,2,1,6,33
wherein,30,1,1,1,33
without,25,3,2,3,33
categori,25,1,6,0,32
contact,30,2,0,0,32
dri,27,0,0,5,32
easier,28,2,2,0,32
indic,8,2,9,13,32
mani,21,2,5,4,32
necessari,24,3,3,2,32
respect,21,2,8,1,32
surigao,27,0,0,5,32
agil,31,0,0,0,31
alreadi,19,2,5,5,31
basic,15,8,2,6,31
cover,10,0,2,19,31
display,24,4,0,3,31
frequenc,1,3,27,0,31
grow,13,3,1,14,31
incom,5,1,4,21,31
keep,29,1,1,0,31
land,23,0,0,8,31
road,27,0,0,4,31
room,11,10,10,0,31
server,26,5,0,0,31
staff,19,0,7,5,31
subject,13,8,9,1,31
tabl,4,2,23,2,31
alarm,26,3,0,1,30
concept,22,3,4,1,30
highest,5,2,23,0,30
likert,2,0,28,0,30
motorcycl,30,0,0,0,30
portal,28,0,2,0,30
realtim,23,7,0,0,30
score,30,0,0,0,30
smartphon,24,6,0,0,30
task,22,7,0,1,30
understand,15,5,10,0,30
want,22,0,7,1,30
cater,23,0,1,5,29
daili,26,0,2,1,29
examin,27,2,0,0,29
farm,4,0,0,25,29
flow,25,0,2,2,29
handl,10,1,14,4,29
henc,16,3,10,0,29
initi,10,1,8,10,29
issu,25,0,4,0,29
litig,0,0,29,0,29
microcontrol,29,0,0,0,29
properti,29,0,0,0,29
trace,29,0,0,0,29
visual,25,4,0,0,29
actual,15,0,9,4,28
chicken,0,0,12,16,28
clinic,27,0,0,1,28
construct,7,1,8,12,28
convolut,19,9,0,0,28
factor,3,1,24,0,28
famili,6,1,8,13,28
know,19,0,9,0,28
minimum,20,0,6,2,28
nearest,27,0,0,1,28
notifi,28,0,0,0,28
past,18,0,4,6,28
patient,23,2,3,0,28
point,20,0,7,1,28
prevent,25,1,2,0,28
regist,24,0,0,4,28
rental,27,0,1,0,28
return,3,0,4,21,28
shop,16,0,1,11,28
still,18,2,5,3,28
trade,20,0,0,8,28
turn,27,0,1,0,28
world,19,6,0,3,28
came,18,2,3,4,27
capit,0,0,7,20,27
certain,25,2,0,0,27
connect,19,5,2,1,27
content,18,4,5,0,27
contribut,11,0,8,8,27
document,19,0,5,3,27
ensur,17,1,9,0,27
enterpris,0,0,11,16,27
hand,18,3,5,1,27
higher,10,2,11,4,27
insid,18,0,9,0,27
instal,9,8,7,3,27
lead,16,1,8,2,27
minim,9,4,12,2,27
nowaday,24,2,0,1,27
potenti,19,3,3,2,27
python,27,0,0,0,27
rack,27,0,0,0,27
rule,16,11,0,0,27
sustain,5,0,14,8,27
trainer,27,0,0,0,27
travel,9,0,4,14,27
accid,26,0,0,0,26
accur,20,3,2,1,26
agenc,5,0,15,6,26
bank,12,0,6,8,26
date,4,5,16,1,26
deliveri,11,1,6,8,26
driver,26,0,0,0,26
experi,11,4,9,2,26
field,22,2,2,0,26
lack,16,1,8,1,26
line,7,2,10,7,26
privat,9,6,6,5,26
reason,12,6,5,3,26
said,16,0,7,3,26
strictli,0,0,26,0,26
tourist,20,0,6,0,26
worker,15,0,5,6,26
count,2,3,20,0,25
lowest,0,0,24,1,25
public,20,1,1,3,25
second,6,2,10,7,25
solv,8,9,7,1,25
ultrason,25,0,0,0,25
accuraci,14,8,2,0,24
better,9,5,8,2,24
blood,24,0,0,0,24
budget,11,0,12,1,24
crime,24,0,0,0,24
effort,10,6,6,2,24
engin,21,2,0,1,24
fit,4,1,19,0,24
focu,2,0,21,1,24
instructor,23,1,0,0,24
larg,13,2,6,3,24
limit,8,2,11,3,24
mainli,21,0,2,1,24
moreov,7,2,10,5,24
next,15,4,0,5,24
observ,9,0,13,2,24
protect,22,0,2,0,24
realiti,19,3,2,0,24
remind,2,0,22,0,24
risk,15,6,3,0,24
statist,9,2,3,10,24
transport,17,0,1,6,24
achiev,17,0,5,1,23
approv,5,0,17,1,23
caus,12,3,7,1,23
charact,13,8,2,0,23
class,14,8,0,1,23
color,18,0,4,1,23
common,17,4,0,2,23
competit,3,0,13,7,23
electron,23,0,0,0,23
enrol,17,5,1,0,23
experienc,4,0,18,1,23
financ,7,0,10,6,23
intern,18,0,2,3,23
lenient,0,0,23,0,23
skill,14,0,4,5,23
tank,23,0,0,0,23
variou,16,4,0,3,23
around,19,0,2,1,22
arrang,2,1,17,2,22
basi,10,4,6,2,22
bodi,22,0,0,0,22
broiler,0,0,0,22,22
compar,19,0,2,1,22
describ,5,2,15,0,22
done,10,3,8,1,22
feed,20,1,1,0,22
forecast,10,0,12,0,22
graphic,16,3,3,0,22
ground,20,0,0,2,22
growth,7,2,6,7,22
home,17,0,0,5,22
javascript,20,2,0,0,22
least,15,1,3,3,22
maintain,12,0,9,1,22
manufactur,4,0,0,18,22
output,11,6,5,0,22
parent,19,2,0,1,22
pass,15,6,0,1,22
purposivecomplet,0,0,22,0,22
recogn,17,5,0,0,22
registr,22,0,0,0,22
strand,22,0,0,0,22
suggest,17,0,5,0,22
tradit,19,1,2,0,22
varieti,18,0,1,3,22
wed,17,0,0,5,22
whenev,20,0,2,0,22
anim,17,2,0,2,21
bachelor,1,1,17,2,21
branch,0,1,20,0,21
cage,21,0,0,0,21
calam,21,0,0,0,21
capac,6,3,3,9,21
consum,12,4,0,5,21
econom,3,1,0,17,21
enabl,19,0,1,1,21
engag,9,1,7,4,21
entir,16,1,0,4,21
equival,9,6,2,4,21
fish,21,0,0,0,21
hydrant,21,0,0,0,21
incharg,12,0,9,0,21
incorpor,5,0,15,1,21
infect,12,9,0,0,21
lend,8,0,10,3,21
lessen,11,3,4,3,21
medic,17,4,0,0,21
money,11,1,8,1,21
much,13,1,7,0,21
optim,17,3,1,0,21
poultri,0,0,0,21,21
power,19,0,2,0,21
question,17,0,4,0,21
refer,8,3,7,3,21
shake,21,0,0,0,21
social,13,2,3,3,21
soil,18,0,0,3,21
text,13,4,4,0,21
traine,21,0,0,0,21
vision,15,6,0,0,21
2018,0,0,18,2,20
captur,16,4,0,0,20
earthquak,20,0,0,0,20
facebook,16,0,4,0,20
great,18,1,0,1,20
identif,15,2,3,0,20
input,10,10,0,0,20
interpret,2,2,16,0,20
load,14,2,4,0,20
motiv,6,2,12,0,20
municip,4,0,0,16,20
often,2,0,17,1,20
prone,20,0,0,0,20
reduc,14,1,4,1,20
retriev,18,1,1,0,20
review,12,0,8,0,20
signific,11,1,5,3,20
site,6,2,1,11,20
smoker,20,0,0,0,20
storag,11,1,4,4,20
thirti,13,0,6,1,20
adopt,14,1,4,0,19
anoth,14,0,1,4,19
board,16,0,0,3,19
congest,9,10,0,0,19
countri,12,0,0,7,19
cross,18,0,0,1,19
debt,0,0,18,1,19
difficulti,16,1,2,0,19
dynam,17,2,0,0,19
enter,14,2,1,2,19
fenc,18,0,0,1,19
followup,0,0,19,0,19
gain,11,4,3,1,19
histori,18,0,0,1,19
html,19,0,0,0,19
layout,0,0,19,0,19
modifi,3,0,16,0,19
occur,7,9,3,0,19
permiss,0,19,0,0,19
provinci,11,0,5,3,19
relationship,15,2,2,0,19
share,9,0,1,9,19
solid,8,0,9,2,19
toward,6,1,8,4,19
translat,13,5,0,1,19
tree,12,2,0,5,19
trend,3,2,2,12,19
univers,18,1,0,0,19
valid,13,3,3,0,19
verifi,9,0,10,0,19
assur,6,1,9,2,18
bootstrap,16,2,0,0,18
call,13,3,1,1,18
camscann,15,3,0,0,18
cashier,13,0,5,0,18
charg,10,0,7,1,18
deliv,12,1,4,1,18
deploy,16,0,2,0,18
digit,15,3,0,0,18
distanc,16,2,0,0,18
equal,14,1,1,2,18
estat,18,0,0,0,18
even,7,2,4,5,18
fund,11,0,3,4,18
helmet,18,0,0,0,18
lastli,5,2,11,0,18
list,5,0,12,1,18
mine,11,2,5,0,18
moistur,18,0,0,0,18
motion,18,0,0,0,18
move,12,0,3,3,18
pediatr,18,0,0,0,18
polic,16,2,0,0,18
print,5,0,9,4,18
purchas,1,0,11,6,18
read,5,12,1,0,18
repres,8,4,2,4,18
scanner,16,0,2,0,18
sign,5,4,9,0,18
size,9,1,5,3,18
speech,12,6,0,0,18
stage,13,1,3,1,18
symptom,13,5,0,0,18
throughout,14,3,0,1,18
ventur,0,0,6,12,18
whole,3,2,4,9,18
balanc,12,1,2,2,17
best,13,2,1,1,17
buzzer,17,0,0,0,17
close,11,2,0,4,17
compos,11,1,3,2,17
difficult,12,5,0,0,17
directli,3,0,8,6,17
earli,13,2,2,0,17
geograph,17,0,0,0,17
global,17,0,0,0,17
grant,3,0,12,2,17
guest,4,0,13,0,17
hundr,0,0,3,14,17
index,15,1,1,0,17
intend,12,3,0,2,17
lock,16,0,1,0,17
logic,13,3,0,1,17
methodolog,17,0,0,0,17
motor,17,0,0,0,17
pandem,16,1,0,0,17
park,2,0,12,3,17
perceiv,1,1,15,0,17
peso,2,0,0,15,17
preschool,17,0,0,0,17
releas,14,0,3,0,17
scholarship,15,0,2,0,17
sell,4,0,7,6,17
suitabl,12,2,2,1,17
thing,16,0,1,0,17
trash,15,0,2,0,17
upon,14,1,2,0,17
alert,16,0,0,0,16
bakeshop,0,0,16,0,16
carri,10,2,4,0,16
combin,14,0,0,2,16
comfort,9,1,4,2,16
customersa??,0,0,16,0,16
day,3,0,9,4,16
department,16,0,0,0,16
desir,8,2,3,3,16
diagram,16,0,0,0,16
dimens,0,0,15,1,16
direct,8,0,6,2,16
door,9,1,4,2,16
firm,0,0,13,3,16
healthcar,13,3,0,0,16
hire,1,0,11,4,16
inquiri,15,0,0,1,16
intellig,15,0,1,0,16
intrud,16,0,0,0,16
investor,10,0,5,1,16
label,0,1,15,0,16
late,9,0,7,0,16
nurs,15,0,1,0,16
particular,15,0,0,1,16
passeng,16,0,0,0,16
percentag,10,2,2,2,16
previou,14,1,1,0,16
properli,8,1,7,0,16
provinc,9,0,0,7,16
regular,9,0,6,1,16
represent,5,11,0,0,16
script,16,0,0,0,16
section,12,0,3,1,16
seri,13,3,0,0,16
small,14,0,0,2,16
valu,5,1,4,6,16
wind,16,0,0,0,16
word,8,7,1,0,16
xampp,16,0,0,0,16
2017,3,0,12,0,15
along,8,0,0,7,15
bayanihan,15,0,0,0,15
burden,13,2,0,0,15
bureau,12,0,0,3,15
calcul,12,3,0,0,15
challeng,7,4,4,0,15
commut,15,0,0,0,15
doctor,15,0,0,0,15
estim,3,3,1,8,15
fare,15,0,0,0,15
faster,13,2,0,0,15
herbal,15,0,0,0,15
incid,12,3,0,0,15
instanc,6,1,8,0,15
lane,15,0,0,0,15
mode,10,2,1,2,15
outsid,8,0,6,1,15
planner,15,0,0,0,15
predict,3,12,0,0,15
prefer,3,3,2,7,15
prolog,10,5,0,0,15
purposiveconveni,0,0,15,0,15
rain,15,0,0,0,15
right,5,3,5,2,15
rulebas,12,3,0,0,15
sever,10,2,2,1,15
skin,15,0,0,0,15
stray,15,0,0,0,15
target,1,6,1,7,15
tesda,15,0,0,0,15
today,13,0,0,2,15
topic,14,0,1,0,15
websit,10,2,2,1,15
welfar,15,0,0,0,15
abil,11,0,0,3,14
acquir,10,0,2,2,14
advantag,7,1,5,1,14
associ,4,4,4,2,14
augment,12,0,0,2,14
buenavista,6,0,6,2,14
classroom,10,4,0,0,14
collector,10,0,4,0,14
command,10,4,0,0,14
constraint,2,10,0,2,14
continu,5,1,4,4,14
default,0,0,14,0,14
detector,14,0,0,0,14
embed,14,0,0,0,14
final,5,2,6,1,14
formula,9,2,2,1,14
framework,8,6,0,0,14
go,14,0,0,0,14
happen,11,0,2,1,14
head,1,1,5,7,14
hospit,3,2,6,3,14
hour,5,1,3,5,14
household,7,1,0,6,14
ideal,8,0,0,6,14
ignit,14,0,0,0,14
immedi,10,2,1,1,14
instead,12,0,2,0,14
intens,13,1,0,0,14
introduc,14,0,0,0,14
isoiec,14,0,0,0,14
kind,11,1,0,2,14
long,9,0,2,3,14
look,13,0,1,0,14
manipul,11,3,0,0,14
match,12,2,0,0,14
medicin,12,2,0,0,14
mindanao,5,4,4,1,14
percent,3,0,0,11,14
proceed,14,0,0,0,14
secondari,1,1,11,1,14
seek,7,1,0,6,14
side,13,0,1,0,14
signag,0,0,14,0,14
singl,10,0,0,4,14
smooth,14,0,0,0,14
societi,9,0,0,5,14
statement,3,4,0,7,14
stock,0,0,14,0,14
strateg,9,0,0,5,14
tabul,14,0,0,0,14
theft,13,0,1,0,14
trigger,14,0,0,0,14
virtual,8,6,0,0,14
warn,14,0,0,0,14
a??a,13,0,1,0,14
ad,6,1,6,0,13
advertis,6,0,7,0,13
alloc,5,4,3,1,13
alway,7,1,5,0,13
attent,8,0,5,0,13
browser,12,1,0,0,13
chosen,8,0,2,3,13
classifi,8,5,0,0,13
clean,8,0,3,2,13
cleanli,8,0,3,2,13
covid,13,0,0,0,13
crew,0,0,12,1,13
death,5,8,0,0,13
debtor,0,0,13,0,13
deep,11,2,0,0,13
discuss,11,0,0,2,13
dish,10,0,3,0,13
drive,9,1,3,0,13
envis,5,0,0,8,13
ever,7,0,5,1,13
extract,9,3,0,1,13
fact,7,1,2,3,13
faculti,3,10,0,0,13
fill,9,1,3,0,13
graduat,13,0,0,0,13
group,3,1,6,3,13
impact,7,0,4,2,13
influenc,6,1,5,1,13
jellybean,13,0,0,0,13
lesson,13,0,0,0,13
marsh,13,0,0,0,13
nearbi,9,0,1,3,13
outcom,10,1,2,0,13
page,7,2,4,0,13
prove,7,4,1,1,13
rang,8,0,0,5,13
realli,13,0,0,0,13
rider,13,0,0,0,13
salari,9,0,2,2,13
slow,5,0,8,0,13
spot,13,0,0,0,13
stand,8,0,1,4,13
structur,7,3,2,1,13
suit,7,0,6,0,13
thesi,11,1,1,0,13
transform,7,6,0,0,13
voic,7,6,0,0,13
warehous,0,0,12,1,13
adhoc,12,0,0,0,12
annual,0,0,3,9,12
babi,12,0,0,0,12
believ,11,1,0,0,12
benefici,8,0,0,4,12
consult,7,0,2,3,12
coordin,10,0,0,2,12
correctli,9,2,1,0,12
depend,7,5,0,0,12
dispens,12,0,0,0,12
essenti,10,2,0,0,12
expens,3,1,5,3,12
export,3,0,0,9,12
express,8,0,4,0,12
fifti,6,0,5,1,12
float,12,0,0,0,12
floor,0,0,0,12,12
greenbot,12,0,0,0,12
heat,12,0,0,0,12
impair,12,0,0,0,12
inactiv,12,0,0,0,12
java,8,4,0,0,12
labor,6,0,2,4,12
lollipop,12,0,0,0,12
mallow,12,0,0,0,12
miss,10,0,2,0,12
movement,11,0,0,1,12
nine,4,0,6,2,12
nougat,12,0,0,0,12
path,12,0,0,0,12
pest,12,0,0,0,12
plate,7,5,0,0,12
pressur,12,0,0,0,12
protein,0,0,0,12,12
qile,12,0,0,0,12
rajah,12,0,0,0,12
rapid,9,0,2,1,12
recov,0,8,0,4,12
salin,12,0,0,0,12
sandwich,12,0,0,0,12
sector,12,0,0,0,12
set,9,0,0,3,12
seven,4,0,4,4,12
signal,11,1,0,0,12
solar,12,0,0,0,12
sponsor,12,0,0,0,12
swap,12,0,0,0,12
taken,3,2,6,1,12
third,0,1,7,4,12
thousand,1,0,0,11,12
treatment,9,1,0,2,12
ultraviolet,12,0,0,0,12
violat,9,1,2,0,12
viru,11,1,0,0,12
volum,2,1,0,9,12
wide,5,1,1,5,12
accordingli,7,0,3,1,11
apprais,0,0,11,0,11
behavior,8,2,1,0,11
breath,11,0,0,0,11
choic,4,1,1,5,11
coconut,0,0,0,11,11
compet,9,0,2,0,11
correct,7,4,0,0,11
decreas,3,0,8,0,11
detail,9,1,1,0,11
discount,0,0,7,4,11
discoveri,0,1,10,0,11
emerg,4,2,4,1,11
enough,5,2,3,1,11
evacue,11,0,0,0,11
fishpond,11,0,0,0,11
grace,0,0,10,1,11
guarante,7,2,0,2,11
hard,7,4,0,0,11
inconveni,11,0,0,0,11
last,4,2,3,2,11
librarian,8,3,0,0,11
marbl,0,0,0,11,11
merchandis,0,0,11,0,11
occasion,0,0,11,0,11
offlin,11,0,0,0,11
oppon,11,0,0,0,11
orient,0,1,7,3,11
other,7,2,0,2,11
paid,0,0,4,7,11
payrol,9,0,0,2,11
peak,0,0,11,0,11
photo,11,0,0,0,11
piec,10,0,1,0,11
portabl,9,1,1,0,11
procur,0,0,9,2,11
rainfal,11,0,0,0,11
random,5,3,3,0,11
remain,3,0,3,5,11
remot,9,1,0,1,11
rout,8,0,2,1,11
sequenti,10,1,0,0,11
smart,9,2,0,0,11
space,5,0,4,2,11
spatial,0,0,11,0,11
submit,4,0,7,0,11
sure,5,0,1,5,11
tax,0,0,0,11,11
teach,10,1,0,0,11
thorough,5,0,5,1,11
undertaken,0,0,0,11,11
visit,9,0,2,0,11
wear,6,1,4,0,11
a??a,11,0,0,0,11
acceptor,10,0,0,0,10
approxim,6,0,0,4,10
asid,8,1,1,0,10
button,10,0,0,0,10
characterist,7,1,0,2,10
chines,10,0,0,0,10
clientcustom,10,0,0,0,10
collis,6,4,0,0,10
computerbas,10,0,0,0,10
contractor,0,0,8,2,10
creation,9,1,0,0,10
defin,5,3,0,2,10
delta,0,0,10,0,10
drunkdriv,10,0,0,0,10
either,9,0,0,1,10
element,9,1,0,0,10
encount,8,2,0,0,10
exchang,8,0,0,2,10
facilit,9,0,0,1,10
filipino,4,0,1,5,10
full,7,0,0,3,10
fulli,4,0,4,2,10
get,6,2,2,0,10
hassl,8,0,1,1,10
hide,6,4,0,0,10
insert,10,0,0,0,10
irrig,10,0,0,0,10
kitchenett,0,0,10,0,10
mango,3,0,0,7,10
mathemat,7,2,0,1,10
meat,0,0,0,10,10
merchant,10,0,0,0,10
microfin,0,0,10,0,10
microgreen,10,0,0,0,10
near,6,0,1,3,10
obstacl,10,0,0,0,10
optic,9,1,0,0,10
overdu,0,0,10,0,10
perspect,0,2,8,0,10
piggeri,9,0,0,1,10
post,2,0,1,7,10
predefin,10,0,0,0,10
prompt,10,0,0,0,10
queu,10,0,0,0,10
randomli,1,0,9,0,10
satisfactori,3,1,6,0,10
scope,1,0,8,1,10
senior,10,0,0,0,10
short,8,0,2,0,10
stolen,10,0,0,0,10
stori,10,0,0,0,10
studio,10,0,0,0,10
surveil,8,2,0,0,10
team,6,0,3,1,10
timet,0,9,0,1,10
togeth,5,0,2,3,10
transcompil,0,10,0,0,10
transmit,10,0,0,0,10
twenti,4,0,2,4,10
usera??,10,0,0,0,10
viabil,0,0,0,10,10
91261,9,0,0,0,9
adjust,5,0,4,0,9
advisori,9,0,0,0,9
ampayon,6,3,0,0,9
aqua,9,0,0,0,9
attain,5,1,3,0,9
brgi,0,0,9,0,9
cashless,9,0,0,0,9
cement,0,0,9,0,9
chart,7,0,2,0,9
cloth,9,0,0,0,9
commerci,0,0,6,3,9
computer,6,0,3,0,9
conductor,9,0,0,0,9
corn,4,0,0,5,9
coronaviru,9,0,0,0,9
crop,6,1,0,2,9
degre,7,1,0,1,9
depth,9,0,0,0,9
development,9,0,0,0,9
diagnos,9,0,0,0,9
domain,7,0,2,0,9
expertis,8,0,0,1,9
extens,1,0,7,1,9
fee,9,0,0,0,9
feedback,7,0,2,0,9
frequent,9,0,0,0,9
fresh,7,0,1,1,9
garner,9,0,0,0,9
grammar,0,9,0,0,9
grower,1,0,0,8,9
infest,9,0,0,0,9
inquir,9,0,0,0,9
interest,3,1,2,3,9
ita??,5,0,4,0,9
june,0,0,9,0,9
lender,9,0,0,0,9
longer,7,0,0,2,9
magallan,0,0,8,1,9
magnitud,9,0,0,0,9
malwar,0,9,0,0,9
margin,0,0,2,7,9
messeng,9,0,0,0,9
mitig,9,0,0,0,9
mixer,0,0,9,0,9
multipurpos,0,0,9,0,9
nation,5,0,0,4,9
newli,9,0,0,0,9
octob,0,0,9,0,9
opencv,5,4,0,0,9
own,0,0,0,9,9
paperless,9,0,0,0,9
particularli,5,0,3,1,9
payappbu,9,0,0,0,9
payback,0,0,0,9,9
penalti,0,1,8,0,9
profil,9,0,0,0,9
pump,8,0,0,1,9
quest,9,0,0,0,9
quiz,9,0,0,0,9
quizz,9,0,0,0,9
rais,3,0,2,4,9
ratio,2,1,0,6,9
regularli,1,0,8,0,9
revenu,6,0,2,1,9
reward,0,0,9,0,9
scape,9,0,0,0,9
scholar,9,0,0,0,9
seed,2,0,0,7,9
servo,9,0,0,0,9
shift,5,0,3,1,9
simpl,0,9,0,0,9
sole,1,0,2,6,9
stay,4,0,5,0,9
supervis,2,0,5,2,9
surfac,9,0,0,0,9
threshold,9,0,0,0,9
trap,9,0,0,0,9
unit,6,0,0,3,9
wearabl,9,0,0,0,9
written,5,0,4,0,9
wwwamaeseduph,0,0,9,0,9
young,9,0,0,0,9
accumul,8,0,0,0,8
acoustix,0,0,8,0,8
action,2,0,6,0,8
advis,6,2,0,0,8
agrarian,0,0,2,6,8
ammonia,8,0,0,0,8
apach,8,0,0,0,8
breadboard,8,0,0,0,8
buyer,5,0,1,2,8
car,0,8,0,0,8
card,0,1,5,2,8
central,3,0,5,0,8
comprehens,5,2,1,0,8
conceptu,7,0,0,1,8
contract,0,0,0,8,8
correspond,7,1,0,0,8
crisi,8,0,0,0,8
datalan,0,0,8,0,8
dead,8,0,0,0,8
decemb,0,2,4,2,8
delay,3,1,4,0,8
dine,0,0,6,2,8
dispos,8,0,0,0,8
emco,0,0,8,0,8
exact,7,0,1,0,8
exclus,8,0,0,0,8
exhaust,8,0,0,0,8
expand,2,0,1,5,8
exposur,4,4,0,0,8
fail,1,0,7,0,8
fair,3,0,4,1,8
finder,8,0,0,0,8
fix,4,0,0,4,8
flex,8,0,0,0,8
flush,8,0,0,0,8
format,7,0,0,1,8
gase,8,0,0,0,8
gave,6,2,0,0,8
geotag,8,0,0,0,8
gingoog,0,0,0,8,8
grand,8,0,0,0,8
guidanc,6,1,1,0,8
handwrit,0,8,0,0,8
harvest,2,0,0,6,8
heartbeat,8,0,0,0,8
histor,2,0,0,6,8
hotel,3,0,5,0,8
humid,8,0,0,0,8
illustr,7,0,1,0,8
importantli,7,0,0,1,8
indepth,0,4,4,0,8
injuri,8,0,0,0,8
journal,0,0,8,0,8
jqueri,7,1,0,0,8
known,5,0,0,3,8
legend,8,0,0,0,8
let,7,0,1,0,8
love,8,0,0,0,8
malici,0,8,0,0,8
mask,8,0,0,0,8
maximum,2,0,2,4,8
media,1,0,7,0,8
million,0,0,0,8,8
monthli,1,1,4,2,8
montilla,0,0,5,3,8
multimedia,8,0,0,0,8
never,2,0,6,0,8
nutrit,7,0,0,1,8
oblig,0,0,7,1,8
occupi,5,2,0,1,8
outdoor,7,1,0,0,8
pars,0,8,0,0,8
pay,2,0,6,0,8
preprocess,3,5,0,0,8
presenc,8,0,0,0,8
probabl,4,2,1,1,8
proctor,8,0,0,0,8
proprietorship,0,0,0,8,8
qualit,2,0,5,1,8
quenmetor,8,0,0,0,8
readili,5,0,2,1,8
reform,0,0,2,6,8
request,7,0,0,1,8
reserv,7,0,0,1,8
rest,7,0,0,1,8
role,8,0,0,0,8
run,4,2,1,1,8
segment,1,7,0,0,8
shall,1,0,1,6,8
sought,6,0,2,0,8
speci,1,0,0,7,8
spray,7,0,1,0,8
suffici,0,3,0,5,8
suscept,8,0,0,0,8
symbol,0,2,6,0,8
syndic,4,4,0,0,8
systema??,8,0,0,0,8
theori,6,1,1,0,8
travi,0,0,8,0,8
trivia,8,0,0,0,8
uniqu,5,3,0,0,8
verif,7,0,1,0,8
vicent,0,0,6,2,8
wall,1,0,7,0,8
whohan,8,0,0,0,8
whose,2,2,1,3,8
workload,0,0,8,0,8
worldwid,3,3,0,2,8
worst,8,0,0,0,8
a??i,7,1,0,0,8
a??i,8,0,0,0,8
2015,0,0,7,0,7
2020,5,2,0,0,7
acceler,6,1,0,0,7
adapt,4,2,0,1,7
afford,4,0,0,3,7
ambianc,0,0,7,0,7
analyt,6,1,0,0,7
appreci,6,0,1,0,7
artifici,2,4,0,1,7
asset,2,0,2,3,7
atiatihan,0,0,7,0,7
attempt,3,1,0,3,7
attend,6,0,1,0,7
back,6,0,1,0,7
banaybanay,0,0,7,0,7
beauti,3,0,0,4,7
bislig,0,0,0,7,7
brown,0,0,7,0,7
clerk,0,0,7,0,7
click,7,0,0,0,7
coastal,6,0,0,1,7
collater,0,0,6,1,7
companya??,0,0,7,0,7
compli,5,0,2,0,7
compris,2,0,3,2,7
conclus,3,0,3,1,7
creditworthi,3,0,4,0,7
damag,3,0,4,0,7
deal,2,2,2,1,7
decisionmak,6,1,0,0,7
disagre,1,0,6,0,7
discov,5,1,1,0,7
dog,7,0,0,0,7
edg,1,1,5,0,7
employeesa??,0,0,7,0,7
encourag,2,0,2,3,7
enforc,7,0,0,0,7
entiti,7,0,0,0,7
exercis,3,4,0,0,7
expresskart,0,0,0,7,7
favor,0,0,1,6,7
fiction,7,0,0,0,7
fight,7,0,0,0,7
fixtur,0,0,2,5,7
flask,7,0,0,0,7
fourth,0,0,5,2,7
furnitur,0,0,1,6,7
genet,6,0,0,1,7
gestur,6,1,0,0,7
grill,0,0,7,0,7
hold,5,0,1,1,7
independ,7,0,0,0,7
interrupt,7,0,0,0,7
iso19261,7,0,0,0,7
livelihood,0,0,3,4,7
log,7,0,0,0,7
lose,6,0,0,1,7
manpow,0,0,7,0,7
might,3,0,4,0,7
numer,6,0,1,0,7
offici,4,0,2,1,7
particip,3,2,1,1,7
partner,3,0,0,4,7
pharmaci,5,0,2,0,7
pictur,5,0,2,0,7
piezo,7,0,0,0,7
posttest,7,0,0,0,7
prescript,3,4,0,0,7
principl,2,0,5,0,7
priscilla,0,0,7,0,7
protocol,7,0,0,0,7
purok,4,0,3,0,7
rare,1,0,6,0,7
rel,4,2,1,0,7
rememb,7,0,0,0,7
repeat,7,0,0,0,7
researchersa??,4,0,3,0,7
reus,6,1,0,0,7
rise,5,2,0,0,7
rural,5,0,0,2,7
self,6,0,1,0,7
sens,7,0,0,0,7
sent,6,0,1,0,7
slaughter,6,0,1,0,7
somehow,5,0,2,0,7
spotlight,0,0,0,7,7
street,3,0,4,0,7
studenta??,7,0,0,0,7
supplier,0,0,5,2,7
tablet,7,0,0,0,7
therebi,1,0,4,2,7
threat,7,0,0,0,7
tourism,3,0,4,0,7
town,2,0,0,5,7
tribe,7,0,0,0,7
undertak,3,0,0,4,7
upload,6,0,1,0,7
urban,4,0,0,3,7
usual,4,0,1,2,7
vicin,4,0,2,1,7
video,7,0,0,0,7
wame,7,0,0,0,7
weather,7,0,0,0,7
whether,6,0,1,0,7
who,7,0,0,0,7
writer,6,0,0,1,7
2011,3,0,3,0,6
2014,0,0,6,0,6
2016,3,0,3,0,6
academ,3,2,0,1,6
administ,3,2,1,0,6
admiss,6,0,0,0,6
aid,5,0,0,1,6
alcoholrel,6,0,0,0,6
alon,4,0,0,2,6
alstudi,6,0,0,0,6
ambient,0,0,6,0,6
amen,0,0,6,0,6
amzi,3,3,0,0,6
annum,0,0,0,6,6
attract,0,0,5,1,6
aa??,6,0,0,0,6
bacteria,3,3,0,0,6
baon,6,0,0,0,6
begin,1,2,2,1,6
bend,6,0,0,0,6
bin,4,0,2,0,6
boost,4,0,0,2,6
boulevard,0,0,3,3,6
bulld,0,0,5,1,6
cbtm,6,0,0,0,6
checker,6,0,0,0,6
chemic,5,0,0,1,6
chowk,0,0,6,0,6
comak,0,0,6,0,6
commiss,1,0,0,5,6
concentr,5,0,0,1,6
confirm,3,2,0,1,6
consequ,3,1,2,0,6
consolid,0,2,4,0,6
convers,3,1,0,2,6
conveyor,6,0,0,0,6
crib,6,0,0,0,6
cure,6,0,0,0,6
curriculum,4,1,0,1,6
declar,4,1,0,1,6
desicc,0,0,0,6,6
discrimin,6,0,0,0,6
dissemin,2,2,0,2,6
distinguish,6,0,0,0,6
divis,0,0,4,2,6
drowsi,6,0,0,0,6
dump,6,0,0,0,6
earn,3,0,1,2,6
economi,5,0,0,1,6
empti,6,0,0,0,6
english,4,2,0,0,6
examine,6,0,0,0,6
filesa??,6,0,0,0,6
fingerprint,6,0,0,0,6
formul,3,3,0,0,6
free,2,2,2,0,6
freshen,4,0,2,0,6
gmelina,0,0,0,6,6
groundshak,6,0,0,0,6
happi,1,0,5,0,6
highway,0,2,0,4,6
hisher,6,0,0,0,6
humidifi,6,0,0,0,6
impos,0,0,6,0,6
infer,5,1,0,0,6
isomed,0,0,6,0,6
jjenrich,0,0,6,0,6
jumper,6,0,0,0,6
karl,0,0,6,0,6
kilo,0,0,1,5,6
kudarat,0,0,0,6,6
landlord,6,0,0,0,6
laravel,6,0,0,0,6
laundri,0,0,1,5,6
legal,0,0,6,0,6
likertscal,0,0,6,0,6
linear,0,6,0,0,6
locationbas,6,0,0,0,6
lost,6,0,0,0,6
lower,1,0,1,4,6
mainten,5,0,0,1,6
math,6,0,0,0,6
matter,5,0,0,1,6
maxim,0,0,3,3,6
medium,5,1,0,0,6
mimic,6,0,0,0,6
minut,4,0,1,1,6
moment,5,0,1,0,6
multipl,5,1,0,0,6
navig,6,0,0,0,6
night,3,0,2,1,6
nonfood,6,0,0,0,6
nutrient,5,0,0,1,6
odor,6,0,0,0,6
officeorg,6,0,0,0,6
opportun,1,0,2,3,6
packag,4,0,0,2,6
palac,6,0,0,0,6
plantat,0,0,0,6,6
plenti,6,0,0,0,6
pregnant,6,0,0,0,6
profession,5,0,1,0,6
professor,6,0,0,0,6
quick,4,2,0,0,6
rapidli,5,1,0,0,6
realiz,2,0,0,4,6
recurr,0,6,0,0,6
regress,0,6,0,0,6
remedi,6,0,0,0,6
ride,5,0,0,1,6
rover,6,0,0,0,6
safe,6,0,0,0,6
season,6,0,0,0,6
seat,5,0,1,0,6
seismic,6,0,0,0,6
seismograph,6,0,0,0,6
shown,4,2,0,0,6
slide,4,0,2,0,6
smallscal,3,0,2,1,6
smell,6,0,0,0,6
socioeconom,0,0,0,6,6
speaker,6,0,0,0,6
specifi,2,3,1,0,6
stick,6,0,0,0,6
stopper,6,0,0,0,6
succeed,1,0,0,5,6
sugar,6,0,0,0,6
sultan,0,0,0,6,6
surround,6,0,0,0,6
systemat,4,0,2,0,6
talli,6,0,0,0,6
tenant,6,0,0,0,6
tesseract,6,0,0,0,6
thru,4,0,2,0,6
toxic,6,0,0,0,6
transfer,3,0,2,1,6
TRUE,4,0,2,0,6
twitter,4,2,0,0,6
typic,3,1,2,0,6
undergo,2,2,2,0,6
unhid,6,0,0,0,6
unifi,6,0,0,0,6
usag,5,0,1,0,6
vibrat,6,0,0,0,6
villag,4,0,2,0,6
viral,6,0,0,0,6
vital,4,0,2,0,6
vocabulari,6,0,0,0,6
vulner,6,0,0,0,6
way,3,0,3,0,6
wheel,6,0,0,0,6
wholesal,0,0,2,4,6
wire,6,0,0,0,6
wireless,6,0,0,0,6
workflow,6,0,0,0,6
worri,6,0,0,0,6
a??know,6,0,0,0,6
4225,5,0,0,0,5
academi,5,0,0,0,5
accommod,5,0,0,0,5
accomplish,5,0,0,0,5
aggreg,3,2,0,0,5
agre,3,0,1,1,5
agreement,0,0,2,3,5
allevi,3,0,0,2,5
almost,2,0,2,1,5
alumni,5,0,0,0,5
analys,4,0,1,0,5
applianc,0,0,5,0,5
appoint,4,0,1,0,5
april,3,0,2,0,5
archiv,5,0,0,0,5
arima,5,0,0,0,5
arriv,2,2,1,0,5
attack,5,0,0,0,5
backup,4,0,1,0,5
backyard,2,0,0,3,5
baikal,0,0,5,0,5
bencor,0,0,0,5,5
beneficiari,0,0,3,2,5
blank,3,0,2,0,5
boundari,1,2,2,0,5
bread,0,0,4,1,5
bring,2,1,1,1,5
butuanon,5,0,0,0,5
cassava,0,0,0,5,5
cctv,3,0,2,0,5
chapter,5,0,0,0,5
children,4,1,0,0,5
chrome,5,0,0,0,5
climat,4,0,0,1,5
commonli,2,1,1,1,5
competitor,0,0,4,1,5
complaint,1,0,4,0,5
compound,4,0,1,0,5
conflict,0,5,0,0,5
consumpt,2,0,0,3,5
corporationbutuan,0,0,5,0,5
costli,1,0,4,0,5
countrysid,0,0,0,5,5
cristal,0,0,5,0,5
cultur,4,0,0,1,5
customera??,3,0,2,0,5
ca??,1,0,4,0,5
deadli,5,0,0,0,5
dealer,0,0,0,5,5
dedic,5,0,0,0,5
definit,3,0,1,1,5
denomin,5,0,0,0,5
densiti,5,0,0,0,5
deriv,1,0,1,3,5
despit,1,2,2,0,5
destin,5,0,0,0,5
diagnosi,5,0,0,0,5
dialogu,0,5,0,0,5
discharg,4,0,0,1,5
disord,5,0,0,0,5
draw,5,0,0,0,5
driven,3,2,0,0,5
drop,3,2,0,0,5
durat,2,0,2,1,5
duti,0,0,3,2,5
eas,5,0,0,0,5
elearn,5,0,0,0,5
entrepreneur,1,0,0,4,5
entrepreneuri,3,0,2,0,5
environment,3,0,0,2,5
eventu,1,0,2,2,5
evolut,5,0,0,0,5
expenditur,0,0,0,5,5
extent,5,0,0,0,5
fairli,0,1,4,0,5
fall,2,0,3,0,5
feel,0,0,5,0,5
fertil,2,0,0,3,5
fifth,0,0,3,2,5
foreign,4,0,0,1,5
forward,1,0,0,4,5
friend,1,0,0,4,5
glsbase,5,0,0,0,5
illeg,3,2,0,0,5
ineffect,1,0,4,0,5
ineffici,4,0,0,1,5
instruct,4,0,1,0,5
island,5,0,0,0,5
iso91261,5,0,0,0,5
juliana??,0,0,5,0,5
key,3,2,0,0,5
kilogram,0,0,0,5,5
laboratori,2,1,2,0,5
lawsuit,0,0,5,0,5
letter,0,0,4,1,5
link,5,0,0,0,5
loyalti,0,0,5,0,5
maker,3,0,2,0,5
marketplac,5,0,0,0,5
master,3,0,2,0,5
mention,0,0,4,1,5
menu,0,0,2,3,5
mini,5,0,0,0,5
minor,5,0,0,0,5
mission,3,0,2,0,5
mist,5,0,0,0,5
mobwork,5,0,0,0,5
mother,3,2,0,0,5
multiplechoic,5,0,0,0,5
nonplay,5,0,0,0,5
northern,1,4,0,0,5
novemb,0,0,3,2,5
opinion,3,1,0,1,5
organiz,2,0,1,2,5
overview,3,0,2,0,5
password,5,0,0,0,5
payer,3,0,2,0,5
pollut,5,0,0,0,5
populac,2,0,0,3,5
portion,0,0,2,3,5
precis,3,2,0,0,5
prescrib,0,2,0,3,5
pretest,5,0,0,0,5
privileg,3,2,0,0,5
promis,0,5,0,0,5
propag,2,0,0,3,5
proponentsa??,5,0,0,0,5
publish,0,0,4,1,5
pugon,0,0,5,0,5
pullout,0,0,5,0,5
quarantin,4,1,0,0,5
raini,5,0,0,0,5
refil,3,0,2,0,5
regul,4,1,0,0,5
renter,5,0,0,0,5
replac,4,0,1,0,5
resettl,0,0,0,5,5
resolv,0,1,4,0,5
river,3,0,0,2,5
salon,0,0,0,5,5
scientif,2,0,1,2,5
seen,3,0,2,0,5
seminar,3,0,2,0,5
sensit,0,4,0,1,5
separ,2,1,2,0,5
serversid,5,0,0,0,5
sold,0,0,0,5,5
stabl,2,1,2,0,5
startup,0,0,0,5,5
stop,5,0,0,0,5
strong,3,0,2,0,5
substanti,2,0,0,3,5
supermarket,0,0,5,0,5
supplement,2,1,0,2,5
syntax,0,5,0,0,5
tangibl,0,0,5,0,5
tarpaulin,1,0,4,0,5
tediou,3,1,0,1,5
tendenc,0,0,5,0,5
tile,1,0,0,4,5
token,0,5,0,0,5
topdown,5,0,0,0,5
tracker,5,0,0,0,5
tri,1,3,0,1,5
uncollect,0,0,5,0,5
uniti,4,1,0,0,5
unpredict,5,0,0,0,5
vari,2,0,0,3,5
vector,5,0,0,0,5
ventil,4,0,1,0,5
vote,5,0,0,0,5
wait,3,0,2,0,5
walk,5,0,0,0,5
wood,0,0,0,5,5
wors,5,0,0,0,5
yield,1,0,0,4,5
a??2,5,0,0,0,5
a??4,5,0,0,0,5
1000,0,0,0,4,4
2000,0,0,0,4,4
2008,2,0,1,1,4
2013,1,0,3,0,4
41956,4,0,0,0,4
acquisit,0,3,0,1,4
act,4,0,0,0,4
ade,4,0,0,0,4
adventur,4,0,0,0,4
advisor,3,1,0,0,4
advoc,4,0,0,0,4
aforement,1,0,2,1,4
algebra,0,4,0,0,4
align,3,0,1,0,4
alter,2,0,2,0,4
anemomet,4,0,0,0,4
anywher,4,0,0,0,4
apart,2,1,0,1,4
app,0,4,0,0,4
architectur,2,2,0,0,4
aris,3,0,1,0,4
articl,0,0,4,0,4
artisan,4,0,0,0,4
asgm,4,0,0,0,4
authent,4,0,0,0,4
backward,4,0,0,0,4
bakeshopp,0,0,4,0,4
bcpo,4,0,0,0,4
bcsat,4,0,0,0,4
becam,2,2,0,0,4
bedroom,0,0,4,0,4
bless,4,0,0,0,4
blind,4,0,0,0,4
bookista,4,0,0,0,4
bookkeep,0,0,4,0,4
booster,4,0,0,0,4
border,4,0,0,0,4
breakeven,0,0,0,4,4
briefli,4,0,0,0,4
built,3,1,0,0,4
bukidnon,0,0,0,4,4
bulb,0,0,4,0,4
campu,4,0,0,0,4
cebu,0,0,0,4,4
celebr,3,0,0,1,4
cell,4,0,0,0,4
chef,4,0,0,0,4
cleaner,4,0,0,0,4
clear,0,2,2,0,4
clientel,2,0,0,2,4
clinica??,4,0,0,0,4
cognit,4,0,0,0,4
commod,1,0,0,3,4
componenta??,4,0,0,0,4
comsca,0,0,4,0,4
consider,0,3,1,0,4
conting,2,0,2,0,4
convey,2,1,1,0,4
cook,0,0,4,0,4
coupl,2,0,0,2,4
court,3,0,1,0,4
credibl,2,0,2,0,4
crimin,4,0,0,0,4
danger,4,0,0,0,4
danilo,4,0,0,0,4
dark,4,0,0,0,4
dealership,0,0,0,4,4
decor,0,0,4,0,4
defeat,4,0,0,0,4
defect,0,0,4,0,4
deliaci,0,0,4,0,4
demonstr,2,0,2,0,4
deterior,0,0,4,0,4
dietari,4,0,0,0,4
dissatisfact,0,0,4,0,4
doesna??t,4,0,0,0,4
domest,0,0,0,4,4
dona??t,3,0,1,0,4
droplet,4,0,0,0,4
earl,0,0,4,0,4
ebox,0,0,4,0,4
ehatud,4,0,0,0,4
elev,2,0,1,1,4
email,2,0,0,2,4
enclos,3,0,0,1,4
end,1,0,3,0,4
entri,2,2,0,0,4
epidem,4,0,0,0,4
erupt,4,0,0,0,4
etudlo,4,0,0,0,4
evid,3,0,0,1,4
evidenc,4,0,0,0,4
exampl,3,0,0,1,4
excel,0,0,1,3,4
excit,3,1,0,0,4
expedit,4,0,0,0,4
explod,4,0,0,0,4
extra,2,0,2,0,4
facial,4,0,0,0,4
fade,0,0,4,0,4
fan,0,0,4,0,4
fece,4,0,0,0,4
filter,0,4,0,0,4
firebas,4,0,0,0,4
fisherfolk,4,0,0,0,4
fona,4,0,0,0,4
foul,4,0,0,0,4
fount,4,0,0,0,4
fourwheel,4,0,0,0,4
franchis,0,0,1,3,4
freebi,3,0,1,0,4
freed,4,0,0,0,4
friendli,3,0,1,0,4
fruit,1,0,0,3,4
fundlin,0,0,4,0,4
furnish,0,0,4,0,4
gate,2,1,0,1,4
geometr,2,2,0,0,4
glove,4,0,0,0,4
gold,4,0,0,0,4
gone,4,0,0,0,4
grade,3,0,0,1,4
greater,3,0,1,0,4
greenhous,4,0,0,0,4
groceri,0,0,0,4,4
handtalk,4,0,0,0,4
harm,0,4,0,0,4
hazard,3,0,0,1,4
healthi,3,0,1,0,4
hectar,0,0,0,4,4
held,1,1,2,0,4
host,3,1,0,0,4
humancomput,0,4,0,0,4
hydrogen,4,0,0,0,4
hygien,2,0,2,0,4
ident,1,1,2,0,4
incorrect,0,0,4,0,4
incur,0,0,4,0,4
indoor,4,0,0,0,4
infrastructur,3,0,0,1,4
insight,2,1,1,0,4
inspect,4,0,0,0,4
inspir,2,0,0,2,4
job,4,0,0,0,4
journey,4,0,0,0,4
kamayutak,4,0,0,0,4
kiliog,0,0,0,4,4
leaf,4,0,0,0,4
lebak,0,0,0,4,4
lexic,0,4,0,0,4
libertad,0,0,4,0,4
lifestar,0,0,4,0,4
liquid,0,0,2,2,4
loss,0,0,1,3,4
malambuon,0,0,4,0,4
manapa,0,0,4,0,4
manobo,4,0,0,0,4
mape,0,4,0,0,4
massag,0,0,4,0,4
meticul,4,0,0,0,4
mix,3,0,1,0,4
mryll,0,0,0,4,4
multiplatform,4,0,0,0,4
multipli,0,1,0,3,4
negoti,3,0,1,0,4
nichola,0,0,4,0,4
nose,4,0,0,0,4
nut,0,0,0,4,4
onestop,0,0,0,4,4
onto,3,1,0,0,4
opensourc,4,0,0,0,4
outsourc,2,0,2,0,4
pack,0,0,1,3,4
paic,0,0,0,4,4
paint,0,0,4,0,4
paramet,4,0,0,0,4
parti,0,0,3,1,4
pension,2,0,2,0,4
pera,0,0,4,0,4
pet,4,0,0,0,4
philpost,0,0,4,0,4
pick,4,0,0,0,4
pixelex,0,0,4,0,4
pledg,0,0,4,0,4
poor,2,0,2,0,4
premis,2,0,2,0,4
preoper,0,0,0,4,4
preserv,3,0,0,1,4
press,0,0,4,0,4
princip,1,0,0,3,4
psychometrician,4,0,0,0,4
punctual,0,0,4,0,4
radiotelevis,0,0,4,0,4
rank,2,0,0,2,4
recept,0,0,4,0,4
recip,4,0,0,0,4
reduct,2,1,1,0,4
relief,4,0,0,0,4
reorder,0,0,4,0,4
requisit,0,0,4,0,4
rescuer,4,0,0,0,4
retail,0,0,0,4,4
rich,4,0,0,0,4
robinson,0,0,4,0,4
rove,4,0,0,0,4
saliva,4,0,0,0,4
sanitari,4,0,0,0,4
say,4,0,0,0,4
scoringbas,0,4,0,0,4
scroll,4,0,0,0,4
secondhand,4,0,0,0,4
segreg,4,0,0,0,4
seller,3,0,1,0,4
sequenc,0,4,0,0,4
shape,1,0,0,3,4
sim900,4,0,0,0,4
simplifi,2,2,0,0,4
smoke,4,0,0,0,4
snackbreak,4,0,0,0,4
soap,3,0,1,0,4
socio,0,0,0,4,4
someon,4,0,0,0,4
speak,4,0,0,0,4
special,1,1,0,2,4
speed,4,0,0,0,4
spend,2,1,0,1,4
spoilag,0,0,4,0,4
stanin,4,0,0,0,4
statusa??,4,0,0,0,4
storm,4,0,0,0,4
stream,3,0,0,1,4
struggl,4,0,0,0,4
style,2,0,1,1,4
sublim,4,0,0,0,4
sulfid,4,0,0,0,4
swiprolog,4,0,0,0,4
syllabu,4,0,0,0,4
talacogon,0,0,0,4,4
telephon,2,0,2,0,4
tell,4,0,0,0,4
templat,4,0,0,0,4
terrain,3,0,0,1,4
territori,4,0,0,0,4
thermal,4,0,0,0,4
though,2,0,0,2,4
thought,4,0,0,0,4
timeconsum,4,0,0,0,4
titl,2,1,1,0,4
toilet,4,0,0,0,4
trader,4,0,0,0,4
tray,1,0,0,3,4
troubl,3,1,0,0,4
tuition,4,0,0,0,4
turnov,0,0,4,0,4
uniform,0,0,4,0,4
unless,3,0,0,1,4
unpaid,0,0,4,0,4
unsaf,2,2,0,0,4
unwant,4,0,0,0,4
utter,0,4,0,0,4
vacanc,4,0,0,0,4
vbnet,4,0,0,0,4
viewer,4,0,0,0,4
wellb,0,0,0,4,4
wife,0,0,0,4,4
wifi,3,0,1,0,4
wing,0,0,4,0,4
worthi,0,0,0,4,4
a??1,4,0,0,0,4
a??3,3,1,0,0,4
19261,3,0,0,0,3
1999,0,0,0,3,3
2019,0,2,1,0,3
2019the,3,0,0,0,3
2030,3,0,0,0,3
3dimension,3,0,0,0,3
412424,3,0,0,0,3
5000,0,0,1,2,3
7863,3,0,0,0,3
8600,0,0,3,0,3
absenc,3,0,0,0,3
abund,3,0,0,0,3
acceleromet,3,0,0,0,3
accessori,0,0,0,3,3
across,1,0,2,0,3
advent,1,2,0,0,3
adwei,3,0,0,0,3
adxl335,3,0,0,0,3
aerosol,3,0,0,0,3
age,1,0,1,1,3
agent,3,0,0,0,3
agentbas,3,0,0,0,3
agroindustri,0,0,0,3,3
airplan,3,0,0,0,3
all,3,0,0,0,3
american,0,2,0,1,3
anchor,3,0,0,0,3
antithief,3,0,0,0,3
anytim,3,0,0,0,3
appear,2,0,1,0,3
apriori,0,3,0,0,3
arcena,0,0,0,3,3
arcgi,3,0,0,0,3
array,3,0,0,0,3
artifact,3,0,0,0,3
ask,0,0,3,0,3
autoregress,3,0,0,0,3
away,1,0,0,2,3
background,1,0,2,0,3
bacteri,3,0,0,0,3
banana,0,0,0,3,3
banza,0,0,0,3,3
battl,3,0,0,0,3
bay,0,3,0,0,3
bean,3,0,0,0,3
belt,0,0,0,3,3
besid,2,0,0,1,3
besta??,3,0,0,0,3
biggest,0,2,0,1,3
bike,3,0,0,0,3
biller,0,3,0,0,3
black,3,0,0,0,3
bleach,3,0,0,0,3
block,3,0,0,0,3
blow,3,0,0,0,3
blue,3,0,0,0,3
bought,0,0,0,3,3
bowl,3,0,0,0,3
break,2,0,0,1,3
broad,1,0,2,0,3
bsit,3,0,0,0,3
cagayan,0,0,0,3,3
calendar,3,0,0,0,3
campaign,3,0,0,0,3
cancel,0,0,3,0,3
caragaa??,3,0,0,0,3
casualti,3,0,0,0,3
catastroph,3,0,0,0,3
caught,3,0,0,0,3
cent,0,0,0,3,3
chair,0,0,0,3,3
chambertyp,3,0,0,0,3
champion,0,0,3,0,3
channel,1,0,0,2,3
chat,3,0,0,0,3
chatbot,3,0,0,0,3
cheaper,2,0,0,1,3
citizen,3,0,0,0,3
classif,2,1,0,0,3
clientserv,2,1,0,0,3
clientsid,3,0,0,0,3
cnn,0,3,0,0,3
collabor,1,0,2,0,3
commit,3,0,0,0,3
comparison,3,0,0,0,3
complex,0,1,0,2,3
condition,0,0,3,0,3
contactless,3,0,0,0,3
context,3,0,0,0,3
convert,2,0,1,0,3
cope,0,0,3,0,3
core,3,0,0,0,3
countdown,3,0,0,0,3
counter,0,0,3,0,3
counterfeit,3,0,0,0,3
countless,3,0,0,0,3
courteou,3,0,0,0,3
creator,3,0,0,0,3
crucial,2,0,0,1,3
cyclesdlc,3,0,0,0,3
davao,0,0,0,3,3
deaf,2,1,0,0,3
debug,3,0,0,0,3
deduct,0,0,3,0,3
defici,2,0,0,1,3
dengu,0,3,0,0,3
destroy,2,0,1,0,3
dictat,2,0,0,1,3
differenti,3,0,0,0,3
dimension,3,0,0,0,3
dirti,3,0,0,0,3
disabl,3,0,0,0,3
disast,3,0,0,0,3
discours,0,3,0,0,3
district,0,0,0,3,3
documentari,2,0,0,1,3
domin,2,0,0,1,3
dont,3,0,0,0,3
download,3,0,0,0,3
drag,2,1,0,0,3
dress,0,0,0,3,3
drier,0,0,0,3,3
drpedia,3,0,0,0,3
dryer,0,0,0,3,3
earth,3,0,0,0,3
eartha??,3,0,0,0,3
easyto,3,0,0,0,3
eclgi,3,0,0,0,3
ecotour,3,0,0,0,3
ednan,0,0,0,3,3
efficaci,3,0,0,0,3
egg,0,0,0,3,3
eight,0,0,2,1,3
eighteen,3,0,0,0,3
elsea??,3,0,0,0,3
emphas,0,0,3,0,3
endico,0,0,0,3,3
energi,2,0,1,0,3
entertainingli,3,0,0,0,3
entranc,2,0,0,1,3
equiti,0,0,0,3,3
erad,3,0,0,0,3
essenc,3,0,0,0,3
etiquett,3,0,0,0,3
evenli,0,0,3,0,3
evergrow,3,0,0,0,3
exceed,2,0,1,0,3
expans,0,0,2,1,3
experiment,1,1,0,1,3
exploit,0,2,0,1,3
expos,1,2,0,0,3
fals,3,0,0,0,3
fame,3,0,0,0,3
farflung,2,0,0,1,3
fatten,0,0,0,3,3
feet,0,0,0,3,3
fellow,3,0,0,0,3
fico,3,0,0,0,3
fifo,0,0,3,0,3
finger,2,0,0,1,3
fisheri,3,0,0,0,3
fivesecond,3,0,0,0,3
flame,3,0,0,0,3
flash,0,0,0,3,3
flexibl,2,0,0,1,3
flier,0,0,3,0,3
foreman,0,0,2,1,3
fortun,1,0,2,0,3
fortynin,3,0,0,0,3
frame,0,0,3,0,3
freedom,3,0,0,0,3
frontlin,1,2,0,0,3
fungal,3,0,0,0,3
fungi,3,0,0,0,3
gadget,3,0,0,0,3
gamebas,3,0,0,0,3
gear,0,0,3,0,3
gf07,3,0,0,0,3
github,3,0,0,0,3
glanc,3,0,0,0,3
grab,3,0,0,0,3
graviti,3,0,0,0,3
greatli,2,0,1,0,3
grown,3,0,0,0,3
handey,3,0,0,0,3
handili,3,0,0,0,3
hang,3,0,0,0,3
hear,3,0,0,0,3
heroku,3,0,0,0,3
hesh,3,0,0,0,3
heurist,0,3,0,0,3
hidden,0,2,1,0,3
honest,3,0,0,0,3
hostel,3,0,0,0,3
hotspot,3,0,0,0,3
housestolet,3,0,0,0,3
huge,1,1,1,0,3
humanlevel,3,0,0,0,3
hypertens,3,0,0,0,3
icon,3,0,0,0,3
ieee,2,1,0,0,3
ill,3,0,0,0,3
immin,3,0,0,0,3
imparti,3,0,0,0,3
imper,0,2,0,1,3
inaccuraci,3,0,0,0,3
inclus,3,0,0,0,3
inconsist,1,0,2,0,3
indigen,3,0,0,0,3
indispens,2,0,0,1,3
inflow,0,0,2,1,3
ingredi,0,0,3,0,3
inspector,3,0,0,0,3
instrument,3,0,0,0,3
intellectu,3,0,0,0,3
intervent,2,1,0,0,3
isaac,3,0,0,0,3
iso1926,3,0,0,0,3
isol,3,0,0,0,3
jelli,3,0,0,0,3
jprizal,0,0,3,0,3
jude,0,0,3,0,3
juli,0,0,3,0,3
karaok,0,0,3,0,3
kilomet,0,0,0,3,3
kitchen,0,0,3,0,3
laptop,3,0,0,0,3
lapulapu,0,0,3,0,3
larger,3,0,0,0,3
largest,3,0,0,0,3
law,3,0,0,0,3
leadership,0,0,0,3,3
leav,0,0,3,0,3
lifestyl,3,0,0,0,3
lift,3,0,0,0,3
littl,2,0,0,1,3
lobbi,0,0,3,0,3
login,3,0,0,0,3
lunao,0,0,0,3,3
manageri,0,0,0,3,3
march,0,2,1,0,3
markup,0,2,0,1,3
marshmallow,3,0,0,0,3
massiv,3,0,0,0,3
meter,0,0,0,3,3
micro,3,0,0,0,3
microorgan,3,0,0,0,3
microphon,3,0,0,0,3
mikay,3,0,0,0,3
miner,3,0,0,0,3
misami,0,0,0,3,3
misunderstand,3,0,0,0,3
misus,0,3,0,0,3
monetari,0,0,3,0,3
mongdodb,3,0,0,0,3
morea??,3,0,0,0,3
mq136,3,0,0,0,3
multiplay,3,0,0,0,3
naiv,0,3,0,0,3
narra,0,0,3,0,3
ncip,3,0,0,0,3
neg,0,0,3,0,3
neighbor,0,0,1,2,3
neighbourhood,3,0,0,0,3
nineteen,0,0,1,2,3
nonmonetari,0,0,3,0,3
normisist,2,1,0,0,3
note,2,0,0,1,3
occas,0,0,0,3,3
okay,3,0,0,0,3
one,3,0,0,0,3
ontim,0,0,3,0,3
openpos,0,3,0,0,3
optimist,3,0,0,0,3
option,3,0,0,0,3
oral,0,0,3,0,3
organizationa??,3,0,0,0,3
outbreak,1,2,0,0,3
overag,0,0,3,0,3
p50000000,0,0,0,3,3
pacif,3,0,0,0,3
pane,3,0,0,0,3
paperbas,3,0,0,0,3
papersa??,3,0,0,0,3
paperwork,3,0,0,0,3
payabl,0,0,0,3,3
payslip,3,0,0,0,3
pdrrmo,3,0,0,0,3
peculiar,3,0,0,0,3
pedro,0,0,0,3,3
penetr,0,2,0,1,3
peoplea??,3,0,0,0,3
phenomenon,3,0,0,0,3
photoshop,3,0,0,0,3
php5,3,0,0,0,3
phpexpertsystem,3,0,0,0,3
phrase,0,3,0,0,3
pig,3,0,0,0,3
plaza,0,0,3,0,3
polyclin,3,0,0,0,3
popular,3,0,0,0,3
postag,0,3,0,0,3
precautionari,3,0,0,0,3
predic,1,2,0,0,3
predominantli,3,0,0,0,3
preliminari,0,0,3,0,3
preval,2,0,0,1,3
proport,3,0,0,0,3
publicli,3,0,0,0,3
pursu,0,0,3,0,3
qgen,3,0,0,0,3
quantit,0,0,2,1,3
quantiti,2,0,1,0,3
queue,3,0,0,0,3
radio,1,2,0,0,3
rampant,3,0,0,0,3
readi,0,0,2,1,3
realworld,3,0,0,0,3
recordkeep,3,0,0,0,3
recordsa?,3,0,0,0,3
recoveri,0,0,2,1,3
redeem,3,0,0,0,3
relay,3,0,0,0,3
reliant,3,0,0,0,3
reloan,0,0,3,0,3
render,2,0,0,1,3
rent,0,0,3,0,3
reportedli,3,0,0,0,3
resort,0,0,2,1,3
retain,1,0,1,1,3
richter,3,0,0,0,3
ring,3,0,0,0,3
schemata,3,0,0,0,3
secondli,0,0,0,3,3
secretari,3,0,0,0,3
seldom,1,0,1,1,3
sentenc,0,3,0,0,3
septemb,3,0,0,0,3
settlement,0,0,3,0,3
seventytwo,3,0,0,0,3
shehe,3,0,0,0,3
shock,3,0,0,0,3
shortag,0,0,2,1,3
showcas,3,0,0,0,3
sim900a,3,0,0,0,3
similar,3,0,0,0,3
simpli,3,0,0,0,3
singleplay,3,0,0,0,3
slab,0,0,0,3,3
slovin,2,0,0,1,3
smoothli,3,0,0,0,3
so1926,3,0,0,0,3
socal,2,0,0,1,3
soft,0,3,0,0,3
sound,2,0,0,1,3
south,0,0,3,0,3
ssfau,3,0,0,0,3
stabil,0,0,3,0,3
stakehold,1,0,0,2,3
static,3,0,0,0,3
stoppag,3,0,0,0,3
straightforward,3,0,0,0,3
strict,0,0,3,0,3
strongli,3,0,0,0,3
substitut,3,0,0,0,3
sudden,3,0,0,0,3
summer,3,0,0,0,3
supervisor,0,0,3,0,3
surpass,3,0,0,0,3
switch,3,0,0,0,3
tackl,3,0,0,0,3
tag,0,1,2,0,3
tast,3,0,0,0,3
televis,1,2,0,0,3
templ,3,0,0,0,3
tend,1,2,0,0,3
tensorflow,3,0,0,0,3
therea??,2,0,1,0,3
three3,3,0,0,0,3
threeaxi,3,0,0,0,3
tiltsens,3,0,0,0,3
timeli,0,0,3,0,3
timelin,3,0,0,0,3
ton,0,0,0,3,3
trivago,3,0,0,0,3
truls,3,0,0,0,3
ultim,2,0,0,1,3
unemploy,2,0,0,1,3
unfortun,2,0,1,0,3
unlock,3,0,0,0,3
unsecur,2,0,1,0,3
unw,0,3,0,0,3
uptod,3,0,0,0,3
userevacue,3,0,0,0,3
userfriendli,3,0,0,0,3
valuedv,3,0,0,0,3
variabl,1,0,2,0,3
vill,0,0,0,3,3
virus,3,0,0,0,3
visibl,1,0,2,0,3
wage,1,0,0,2,3
walker,3,0,0,0,3
wash,0,0,1,2,3
webpag,3,0,0,0,3
week,0,0,3,0,3
wellorgan,3,0,0,0,3
wider,2,0,0,1,3
will,0,0,1,2,3
window,1,0,2,0,3
wiper,3,0,0,0,3
woodmad,0,0,0,3,3
zillow,3,0,0,0,3
a??caragaa??,3,0,0,0,3
a??sometimesa??,0,0,3,0,3
a??true,3,0,0,0,3
a??1,3,0,0,0,3
1000head,0,0,0,2,2
16465,0,2,0,0,2
16x2,2,0,0,0,2
1707,0,2,0,0,2
180463885,0,0,0,2,2
1900,2,0,0,0,2
192516370,0,0,0,2,2
1995,0,0,0,2,2
1996,0,0,0,2,2
1997,0,0,0,2,2
1a??,2,0,0,0,2
2002,0,0,1,1,2
2003,0,0,0,2,2
20122017,0,0,2,0,2
20142016,0,0,2,0,2
2021,0,2,0,0,2
2208,0,0,0,2,2
4158,2,0,0,0,2
49261,2,0,0,0,2
600000,0,0,0,2,2
7a??,2,0,0,0,2
80000000,0,0,0,2,2
abid,2,0,0,0,2
abnorm,2,0,0,0,2
adequ,0,0,0,2,2
adjac,0,0,0,2,2
adob,2,0,0,0,2
afatay,2,0,0,0,2
agroforestri,2,0,0,0,2
ajax,2,0,0,0,2
altem,1,0,1,0,2
altitud,2,0,0,0,2
amort,0,0,2,0,2
analog,2,0,0,0,2
ancestr,2,0,0,0,2
andi,2,0,0,0,2
andia??,2,0,0,0,2
androidbas,1,1,0,0,2
ang,0,0,2,0,2
ann,0,2,0,0,2
anticip,1,0,0,1,2
antitheft,2,0,0,0,2
antrecco,0,0,2,0,2
apparatus,2,0,0,0,2
applicationa??,2,0,0,0,2
aquabot,2,0,0,0,2
aquat,2,0,0,0,2
arcmap,2,0,0,0,2
art,2,0,0,0,2
asexu,0,0,0,2,2
asposeslid,2,0,0,0,2
assum,0,1,0,1,2
atmega328p,2,0,0,0,2
atmospher,0,0,2,0,2
attribut,1,0,1,0,2
auto,2,0,0,0,2
automobil,2,0,0,0,2
automot,2,0,0,0,2
awak,2,0,0,0,2
aa??,2,0,0,0,2
backof,2,0,0,0,2
backofthebook,2,0,0,0,2
bakeri,0,0,0,2,2
bakeshoppeth,0,0,2,0,2
barcod,1,0,1,0,2
bargain,0,0,2,0,2
barmanbarmaid,0,0,2,0,2
barobo,0,0,0,2,2
bcbmpc,0,0,2,0,2
bcmpc,0,0,2,0,2
belief,2,0,0,0,2
beyond,1,1,0,0,2
bia,2,0,0,0,2
bibahilita,0,0,0,2,2
bigger,0,0,1,1,2
bilater,0,2,0,0,2
biophys,2,0,0,0,2
bisaya,0,2,0,0,2
blanch,0,0,0,2,2
blight,2,0,0,0,2
bloom,2,0,0,0,2
blvd,0,0,2,0,2
boarder,2,0,0,0,2
bohol,0,0,2,0,2
born,2,0,0,0,2
breach,0,2,0,0,2
breakfast,0,0,2,0,2
breakin,2,0,0,0,2
brows,2,0,0,0,2
brushless,2,0,0,0,2
burglari,2,0,0,0,2
buse,2,0,0,0,2
businessmen,1,0,0,1,2
bust,0,0,2,0,2
cabinet,0,0,2,0,2
cake,0,0,1,1,2
calculu,0,2,0,0,2
cameraa??,0,2,0,0,2
canin,2,0,0,0,2
canni,1,1,0,0,2
cant,2,0,0,0,2
capture2txt,2,0,0,0,2
caretak,0,0,0,2,2
carnap,2,0,0,0,2
carnapp,2,0,0,0,2
carrel,2,0,0,0,2
cascad,0,2,0,0,2
cavan,0,0,0,2,2
cave,2,0,0,0,2
ceil,0,0,2,0,2
celeb,0,0,0,2,2
centuri,1,0,0,1,2
chairperson,2,0,0,0,2
changer,2,0,0,0,2
chao,2,0,0,0,2
ched,0,0,2,0,2
child,2,0,0,0,2
china,0,2,0,0,2
chocolatey,2,0,0,0,2
chose,2,0,0,0,2
chunk,0,2,0,0,2
cigarett,2,0,0,0,2
circuit,0,2,0,0,2
circul,2,0,0,0,2
claim,2,0,0,0,2
clarif,2,0,0,0,2
clariti,1,1,0,0,2
classi,0,0,2,0,2
clearli,0,0,2,0,2
clientsa??,0,0,0,2,2
clone,2,0,0,0,2
coincid,0,0,2,0,2
committe,0,0,2,0,2
compat,2,0,0,0,2
compil,0,2,0,0,2
complement,0,0,0,2,2
comprehend,0,2,0,0,2
computeraid,0,2,0,0,2
concem,1,0,0,1,2
confid,0,2,0,0,2
conserv,0,0,0,2,2
constant,2,0,0,0,2
containerbas,1,1,0,0,2
contamin,2,0,0,0,2
contractu,0,0,0,2,2
coop,0,0,2,0,2
corner,0,0,1,1,2
corona,2,0,0,0,2
council,0,0,0,2,2
counselor,2,0,0,0,2
countercheck,0,0,2,0,2
counterstaff,0,0,2,0,2
craft,2,0,0,0,2
criteria,0,1,0,1,2
crossbord,2,0,0,0,2
curricular,2,0,0,0,2
cutter,1,1,0,0,2
cyberspac,1,1,0,0,2
dagohoy,0,0,2,0,2
datadriven,1,1,0,0,2
dataset,1,1,0,0,2
deciph,0,2,0,0,2
decrement,0,0,0,2,2
deem,2,0,0,0,2
deliber,2,0,0,0,2
deposit,0,0,2,0,2
deserv,2,0,0,0,2
destruct,1,0,0,1,2
dht11,2,0,0,0,2
dialog,2,0,0,0,2
didna??t,2,0,0,0,2
dilapid,0,0,2,0,2
dilemma,0,2,0,0,2
dinein,0,0,2,0,2
director,0,0,0,2,2
disburs,0,0,2,0,2
disclos,0,0,2,0,2
disposit,0,0,2,0,2
dissatisfi,0,0,2,0,2
divers,2,0,0,0,2
dona,0,0,2,0,2
donat,2,0,0,0,2
drawn,0,0,2,0,2
droidtext,0,2,0,0,2
ds18b20,2,0,0,0,2
dumalagan,0,0,2,0,2
durian,0,0,0,2,2
daccor,0,0,2,0,2
earlier,2,0,0,0,2
easytounderstand,2,0,0,0,2
easytous,2,0,0,0,2
ebook,2,0,0,0,2
eclassroom,2,0,0,0,2
eigeney,0,2,0,0,2
eightytwo,0,0,2,0,2
electr,0,0,1,1,2
eleven,0,0,2,0,2
elib,1,1,0,0,2
embrac,1,1,0,0,2
emphasi,0,0,1,1,2
encod,0,2,0,0,2
enorm,2,0,0,0,2
enrolle,2,0,0,0,2
entic,0,0,1,1,2
eqela,2,0,0,0,2
escap,1,1,0,0,2
eucaristico,2,0,0,0,2
evad,2,0,0,0,2
everincreas,0,0,0,2,2
everyday,0,0,2,0,2
everywher,2,0,0,0,2
exit,2,0,0,0,2
explor,2,0,0,0,2
facemask,2,0,0,0,2
faceswap,2,0,0,0,2
facultytosubject,0,2,0,0,2
falsea??,2,0,0,0,2
fastfood,0,0,2,0,2
feder,0,0,0,2,2
felip,0,0,2,0,2
fensec,2,0,0,0,2
fifteen,0,1,0,1,2
figur,0,0,1,1,2
filledup,0,0,2,0,2
fleet,2,0,0,0,2
fli,2,0,0,0,2
folklor,2,0,0,0,2
forego,0,0,2,0,2
forest,2,0,0,0,2
formal,2,0,0,0,2
fortyon,0,0,2,0,2
foundat,0,0,2,0,2
fourpoint,0,0,2,0,2
fourteen,1,0,0,1,2
fri,0,0,2,0,2
front,1,1,0,0,2
frontend,2,0,0,0,2
frozen,0,0,1,1,2
fulfil,2,0,0,0,2
fusion,2,0,0,0,2
gabriel,0,0,1,1,2
gambet,0,0,0,2,2
gamer,2,0,0,0,2
gamesa??,2,0,0,0,2
geoloc,2,0,0,0,2
geospati,2,0,0,0,2
gesu,2,0,0,0,2
gmapnet,2,0,0,0,2
goe,1,0,0,1,2
graduatea??,2,0,0,0,2
grantingmonitor,0,0,2,0,2
handler,2,0,0,0,2
handwritten,0,2,0,0,2
haul,0,0,2,0,2
herein,0,0,2,0,2
heritag,2,0,0,0,2
highqual,2,0,0,0,2
hinatuan,0,0,0,2,2
histogram,0,2,0,0,2
homogen,0,0,2,0,2
horizont,0,0,2,0,2
housetolet,2,0,0,0,2
hypertext,0,2,0,0,2
hyptertext,0,2,0,0,2
ida??,0,0,2,0,2
ignacio,0,0,2,0,2
ignor,0,0,1,1,2
imagedriven,0,2,0,0,2
imbed,2,0,0,0,2
impli,0,0,2,0,2
impress,0,0,1,1,2
inaccur,1,1,0,0,2
inas,0,0,2,0,2
incent,0,0,2,0,2
increment,2,0,0,0,2
indexd,2,0,0,0,2
indico,2,0,0,0,2
induc,0,0,1,1,2
inflict,2,0,0,0,2
influenti,0,0,2,0,2
infrar,2,0,0,0,2
inlin,2,0,0,0,2
intemet,1,0,0,1,2
intensif,2,0,0,0,2
interviewe,2,0,0,0,2
intox,2,0,0,0,2
invent,2,0,0,0,2
invulner,0,2,0,0,2
itexmo,2,0,0,0,2
iti,2,0,0,0,2
ia??,2,0,0,0,2
jollibe,0,0,2,0,2
justif,0,0,2,0,2
kalahicidd,2,0,0,0,2
kemistri,2,0,0,0,2
kerastenserflow,2,0,0,0,2
km12,0,0,2,0,2
knowledgebas,2,0,0,0,2
kolek,2,0,0,0,2
ladi,0,0,2,0,2
landscap,2,0,0,0,2
lasar,0,0,2,0,2
latter,0,0,0,2,2
lawyer,2,0,0,0,2
leaflet,1,0,1,0,2
lechon,0,0,0,2,2
lectur,2,0,0,0,2
left,1,0,1,0,2
lie,2,0,0,0,2
lifecycl,0,2,0,0,2
lightweight,2,0,0,0,2
likewis,0,0,0,2,2
limiteddomain,2,0,0,0,2
lingig,0,0,0,2,2
listen,1,1,0,0,2
literatur,0,0,2,0,2
livelinood,0,0,1,1,2
livestock,0,0,1,1,2
logbook,2,0,0,0,2
longo,0,0,0,2,2
lopez,0,0,1,1,2
lot,2,0,0,0,2
lowcost,2,0,0,0,2
lumabat,2,0,0,0,2
luvanderako,0,0,0,2,2
machinelearn,2,0,0,0,2
machineri,0,0,0,2,2
mail,2,0,0,0,2
managementstandard,0,0,2,0,2
mang,0,0,2,0,2
manok,0,0,0,2,2
manualbas,2,0,0,0,2
marbcc,0,0,2,0,2
mariadb,2,0,0,0,2
markov,0,2,0,0,2
marshal,2,0,0,0,2
masao,2,0,0,0,2
mayb,2,0,0,0,2
mccb,0,0,2,0,2
mcp3008,2,0,0,0,2
meee,2,0,0,0,2
membership,0,0,2,0,2
menial,2,0,0,0,2
mere,2,0,0,0,2
metric,0,0,0,2,2
microprocessor,2,0,0,0,2
middleman,0,0,2,0,2
mind,2,0,0,0,2
mismanag,2,0,0,0,2
mixedstrand,2,0,0,0,2
mixedup,0,0,2,0,2
moder,0,0,1,1,2
modernday,2,0,0,0,2
moodl,2,0,0,0,2
mountain,2,0,0,0,2
mq137,2,0,0,0,2
multi,2,0,0,0,2
mytholog,2,0,0,0,2
nasipit,0,0,1,1,2
nativ,0,0,2,0,2
nearli,2,0,0,0,2
neo6m,2,0,0,0,2
niev,0,0,2,0,2
nnv,2,0,0,0,2
nodej,2,0,0,0,2
nonclient,0,0,2,0,2
nonetheless,0,2,0,0,2
nonmast,2,0,0,0,2
nonsynd,1,1,0,0,2
nonvalu,0,0,2,0,2
nonverb,2,0,0,0,2
normal,1,0,0,1,2
north,0,0,0,2,2
npca??,2,0,0,0,2
objectori,2,0,0,0,2
objectrel,0,2,0,0,2
obsolesc,0,0,2,0,2
occup,2,0,0,0,2
occurr,2,0,0,0,2
offens,2,0,0,0,2
openlay,2,0,0,0,2
opol,0,0,0,2,2
optimum,0,2,0,0,2
origin,0,0,2,0,2
outlet,0,0,0,2,2
outpost,1,0,0,1,2
overcom,2,0,0,0,2
ozeki,2,0,0,0,2
pace,1,0,0,1,2
pair,2,0,0,0,2
pantri,0,0,2,0,2
pape,2,0,0,0,2
pare,1,0,0,1,2
partnership,0,0,0,2,2
pasadalan,0,0,0,2,2
pasandalan,0,0,0,2,2
passer,2,0,0,0,2
pavement,2,0,0,0,2
pccd,0,0,0,2,2
pertain,2,0,0,0,2
pesta??,2,0,0,0,2
pharmacist,0,2,0,0,2
philric,2,0,0,0,2
phonet,0,2,0,0,2
photocopi,0,0,0,2,2
photohappi,0,0,0,2,2
php95589000,0,0,0,2,2
piaea,2,0,0,0,2
pirat,2,0,0,0,2
placement,2,0,0,0,2
plu,1,0,0,1,2
plugin,2,0,0,0,2
plunder,2,0,0,0,2
plywood,0,0,2,0,2
pocket,0,0,0,2,2
pool,0,0,2,0,2
pork,0,0,0,2,2
portray,2,0,0,0,2
pose,0,2,0,0,2
postgresql,2,0,0,0,2
pound,0,0,0,2,2
powerpoint,2,0,0,0,2
predica,0,0,2,0,2
pregnanc,2,0,0,0,2
prenat,2,0,0,0,2
preprocessor,0,2,0,0,2
presidenti,0,0,0,2,2
preview,2,0,0,0,2
primarili,0,2,0,0,2
prior,0,0,2,0,2
problemat,2,0,0,0,2
processor,2,0,0,0,2
progress,0,0,0,2,2
promptli,0,0,2,0,2
proof,1,1,0,0,2
proponenta??,2,0,0,0,2
providera??,2,0,0,0,2
proxim,1,1,0,0,2
pull,1,0,1,0,2
puls,2,0,0,0,2
pytesseract,2,0,0,0,2
pythonanywherecom,2,0,0,0,2
quarter,0,0,1,1,2
queri,2,0,0,0,2
rachel,0,0,2,0,2
ravag,2,0,0,0,2
rdoacadcs16004,0,0,2,0,2
rdoacadcs16011,0,0,2,0,2
rdoacadcs16016,0,0,2,0,2
rdoacadcs17006,0,0,2,0,2
rdoacadcs17013,0,0,2,0,2
rdoacadfs17016,0,0,0,2,2
rearfront,1,1,0,0,2
receipt,1,0,0,1,2
recheck,0,0,2,0,2
reevalu,0,0,2,0,2
reflect,0,0,0,2,2
reli,2,0,0,0,2
religi,2,0,0,0,2
remak,0,0,2,0,2
remodel,0,0,2,0,2
repaint,0,0,2,0,2
repay,0,0,2,0,2
replenish,0,0,2,0,2
reproduc,2,0,0,0,2
researchdevelop,0,0,0,2,2
resembl,0,0,0,2,2
resist,2,0,0,0,2
resolut,2,0,0,0,2
restrict,0,2,0,0,2
retire,0,0,2,0,2
rien,2,0,0,0,2
roam,2,0,0,0,2
rolebas,0,2,0,0,2
rosario,0,0,2,0,2
routin,2,0,0,0,2
safer,1,0,1,0,2
sala,0,0,0,2,2
salad,1,0,1,0,2
scalabl,2,0,0,0,2
scenario,1,1,0,0,2
schemat,2,0,0,0,2
scheme,0,1,0,1,2
schoolwid,2,0,0,0,2
screen,1,0,1,0,2
scrutin,0,2,0,0,2
seascap,2,0,0,0,2
seclud,0,0,0,2,2
securityth,0,0,2,0,2
see,1,1,0,0,2
seer,2,0,0,0,2
selfmad,2,0,0,0,2
selforgan,2,0,0,0,2
selfsuffici,1,0,0,1,2
semest,1,1,0,0,2
serious,0,0,2,0,2
servqual,0,0,2,0,2
setup,2,0,0,0,2
sharp,0,2,0,0,2
shatong,2,0,0,0,2
sheet,0,0,1,1,2
shred,0,0,0,2,2
shrub,2,0,0,0,2
sigang,0,0,2,0,2
signboard,2,0,0,0,2
significantli,1,1,0,0,2
slate,0,0,0,2,2
sleep,2,0,0,0,2
smokersa??,2,0,0,0,2
smsbase,2,0,0,0,2
socketio,2,0,0,0,2
sonic,2,0,0,0,2
sourcetosourc,0,2,0,0,2
spill,2,0,0,0,2
spoken,0,2,0,0,2
spontan,2,0,0,0,2
spur,2,0,0,0,2
steadi,0,0,0,2,2
steal,0,2,0,0,2
stockhold,0,0,0,2,2
storytel,2,0,0,0,2
strain,0,0,0,2,2
strandsuggest,2,0,0,0,2
strategyon,0,0,2,0,2
strengthen,0,0,1,1,2
studyrel,2,0,0,0,2
stylesheet,0,2,0,0,2
subjectspecif,2,0,0,0,2
submiss,0,0,2,0,2
suffic,0,2,0,0,2
surplu,0,0,2,0,2
surviv,0,0,1,1,2
swal,2,0,0,0,2
sweet,0,0,0,2,2
swim,0,0,2,0,2
syllabi,2,0,0,0,2
tagbina,0,0,0,2,2
tailor,0,1,1,0,2
tama??,0,0,2,0,2
tap,1,0,0,1,2
taxonomi,2,0,0,0,2
termin,0,1,1,0,2
that,0,2,0,0,2
thebook,2,0,0,0,2
therein,0,2,0,0,2
theya??r,2,0,0,0,2
theya??v,2,0,0,0,2
think,2,0,0,0,2
thirdparti,2,0,0,0,2
thoroughli,1,0,1,0,2
tiie,2,0,0,0,2
timeseri,2,0,0,0,2
tiniwisan,0,0,1,1,2
tofac,2,0,0,0,2
torn,0,0,2,0,2
touchless,2,0,0,0,2
tour,2,0,0,0,2
tracer,2,0,0,0,2
transit,0,1,1,0,2
trek,2,0,0,0,2
tremend,2,0,0,0,2
trip,2,0,0,0,2
trust,1,0,1,0,2
tubay,0,0,2,0,2
tutori,2,0,0,0,2
twelv,0,0,0,2,2
twentytwo,2,0,0,0,2
twillio,2,0,0,0,2
uhland,0,0,2,0,2
ultra,2,0,0,0,2
unavail,1,0,0,1,2
underli,1,1,0,0,2
undesign,2,0,0,0,2
unforeseen,0,2,0,0,2
uniformli,2,0,0,0,2
unityindi,2,0,0,0,2
unpublish,0,0,2,0,2
unwil,2,0,0,0,2
upcom,2,0,0,0,2
urin,2,0,0,0,2
userdefin,0,2,0,0,2
userinterfac,2,0,0,0,2
vacant,2,0,0,0,2
vendor,0,0,2,0,2
vertic,0,0,2,0,2
viabl,0,0,0,2,2
visayan,2,0,0,0,2
vitamin,0,0,0,2,2
vitarich,0,0,0,2,2
warehousemen,0,0,2,0,2
warrior,2,0,0,0,2
wastag,0,0,2,0,2
wattag,0,0,2,0,2
wave,2,0,0,0,2
weakest,0,0,2,0,2
webhost,2,0,0,0,2
weekli,0,0,2,0,2
west,0,0,0,2,2
whee,1,0,1,0,2
white,0,0,0,2,2
wield,0,0,2,0,2
wilkri,0,0,2,0,2
windi,2,0,0,0,2
wise,0,0,0,2,2
wish,2,0,0,0,2
workforc,1,0,0,1,2
workplac,0,0,2,0,2
write,2,0,0,0,2
wuhan,0,2,0,0,2
wwwamaeseducom,0,0,2,0,2
xiii,0,0,0,2,2
xpath,1,1,0,0,2
yearold,2,0,0,0,2
zero,0,0,0,2,2
zxing,0,2,0,0,2
a?asi,2,0,0,0,2
a??7,2,0,0,0,2
a??8,2,0,0,0,2
a??ae,2,0,0,0,2
a??all,2,0,0,0,2
a??dissatisfieda??,0,0,2,0,2
a??ee,2,0,0,0,2
a??f,2,0,0,0,2
a??ge,2,0,0,0,2
a??h,2,0,0,0,2
a??t,2,0,0,0,2
a??trulsea??,2,0,0,0,2
a??wind,2,0,0,0,2
a??3,1,0,1,0,2
a??ae,2,0,0,0,2
a??eo,1,0,1,0,2
a??he,2,0,0,0,2
a??ie,2,0,0,0,2
500,0,0,0,1,1
8100,0,0,0,1,1
100pound,0,0,0,1,1
1020,0,0,0,1,1
10816,0,0,0,1,1
10kg,0,0,0,1,1
10thi,0,0,0,1,1
112000,0,0,0,1,1
11991,0,0,0,1,1
11after,0,0,0,1,1
12052485,0,0,0,1,1
13000,0,0,0,1,1
130000,0,0,0,1,1
1317,0,0,0,1,1
1325536,0,0,0,1,1
1331644,0,0,0,1,1
1342,0,0,1,0,1
140000,0,0,0,1,1
14000000,0,0,0,1,1
1422,0,0,0,1,1
1453,0,0,0,1,1
150000,0,0,0,1,1
15year,0,0,0,1,1
1602,1,0,0,0,1
16440,0,0,0,1,1
16640,0,0,0,1,1
173148158,0,0,0,1,1
175000,0,0,0,1,1
1958,0,0,1,0,1
1985,0,0,0,1,1
1986,0,0,0,1,1
1987,0,0,0,1,1
19891999,0,0,0,1,1
1991,0,0,1,0,1
1.9912E+11,0,0,0,1,1
1993,0,0,0,1,1
199680,0,0,0,1,1
19972002,0,0,0,1,1
1998,0,0,0,1,1
1so19261,1,0,0,0,1
1a??,1,0,0,0,1
20002002,0,0,0,1,1
2001,0,0,0,1,1
2012,0,0,1,0,1
2016the,0,0,1,0,1
20280,0,0,0,1,1
2071,0,0,1,0,1
2077,0,0,1,0,1
20992,0,0,0,1,1
2193,0,0,0,1,1
224977,0,0,0,1,1
23855,0,0,0,1,1
243360,0,0,0,1,1
247354512,0,0,0,1,1
25010,1,0,0,0,1
2617,0,0,1,0,1
26745,0,0,0,1,1
28611,0,0,0,1,1
30day,0,0,1,0,1
32178000,0,0,0,1,1
382410,0,0,0,1,1
3843,0,0,0,1,1
38831,0,0,0,1,1
4194,0,0,1,0,1
4250,0,0,0,1,1
4416,0,0,0,1,1
4500,0,0,0,1,1
4712,0,0,0,1,1
4level,1,0,0,0,1
4month,0,0,1,0,1
4mpayon,1,0,0,0,1
4pli,0,0,0,1,1
50000,0,0,0,1,1
500head,0,0,0,1,1
50sow,0,0,0,1,1
5138,0,0,0,1,1
5236,0,0,0,1,1
5350,0,0,0,1,1
54811,0,0,0,1,1
5700,1,0,0,0,1
5year,0,0,0,1,1
60000000,0,0,0,1,1
6008,0,0,1,0,1
623700000,0,0,0,1,1
630pm,0,0,0,1,1
64207111the,0,0,0,1,1
69120,0,0,0,1,1
691900,0,0,0,1,1
7013,0,0,1,0,1
7200000,0,0,0,1,1
720x1280,1,0,0,0,1
7219,0,0,0,1,1
7516,0,0,0,1,1
7809,0,0,0,1,1
8434,1,0,0,0,1
8586,1,0,0,0,1
8761,0,0,0,1,1
88271000,0,0,0,1,1
9160,0,0,0,1,1
9514,1,0,0,0,1
9759,1,0,0,0,1
98600,0,0,0,1,1
aaey,0,0,1,0,1
aaine,0,0,0,1,1
aanneg,1,0,0,0,1
aar,1,0,0,0,1
abject,1,0,0,0,1
aboul,0,0,0,1,1
abovecit,0,0,0,1,1
absorb,0,0,0,1,1
abtract,1,0,0,0,1
acacia,0,0,0,1,1
accouni,0,0,1,0,1
accounti,0,0,0,1,1
acid,0,0,0,1,1
acknowledg,0,0,1,0,1
acon,1,0,0,0,1
acquaint,0,0,1,0,1
acronym,0,0,0,1,1
actionplatform,1,0,0,0,1
activitio,1,0,0,0,1
actor,0,0,0,1,1
add,0,1,0,0,1
adequaci,0,0,0,1,1
adh,1,0,0,0,1
adher,0,1,0,0,1
admini,0,0,1,0,1
admittedli,0,0,0,1,1
adolesc,0,1,0,0,1
advic,0,1,0,0,1
aera,1,0,0,0,1
afar,1,0,0,0,1
affair,0,0,0,1,1
afa??,1,0,0,0,1
agencya??,0,0,1,0,1
agenda,0,0,0,1,1
agood,1,0,0,0,1
agri,0,0,0,1,1
agriculturist,1,0,0,0,1
agrirel,0,0,0,1,1
agro,0,0,0,1,1
aguil,0,0,1,0,1
aiic,1,0,0,0,1
aiki,1,0,0,0,1
aircondit,0,0,1,0,1
ajqeulejsn,0,0,1,0,1
ajuappn,0,0,1,0,1
ajuo,0,0,1,0,1
ajuunwlwod,0,0,1,0,1
akin,1,0,0,0,1
akoohi,1,0,0,0,1
alan,1,0,0,0,1
alcoho,1,0,0,0,1
algorithma??,0,1,0,0,1
alin,0,0,1,0,1
alittl,0,0,0,1,1
alma,1,0,0,0,1
almighti,1,0,0,0,1
although,0,0,1,0,1
amaeseduph,0,0,1,0,1
amang,0,0,1,0,1
ambienc,0,0,1,0,1
amet,1,0,0,0,1
amid,1,0,0,0,1
amit,1,0,0,0,1
anc,1,0,0,0,1
andor,0,0,1,0,1
angl,0,1,0,0,1
angular,1,0,0,0,1
angularj,1,0,0,0,1
anil,1,0,0,0,1
anin,1,0,0,0,1
anminictr,0,0,1,0,1
anni,1,0,0,0,1
anniversari,0,0,0,1,1
announc,1,0,0,0,1
annuallli,0,0,0,1,1
ansimictr,0,0,1,0,1
anthracnos,1,0,0,0,1
anyth,0,0,1,0,1
ana??,1,0,0,0,1
aorn,1,0,0,0,1
aphinist,0,0,1,0,1
appendix,0,0,1,0,1
applicationa??,1,0,0,0,1
aqm,0,0,0,1,1
aqtibusi,0,0,0,1,1
arboria,0,0,0,1,1
ardui,1,0,0,0,1
arguabl,0,0,1,0,1
ari,1,0,0,0,1
arpof,0,0,0,1,1
arrear,0,0,1,0,1
arrow,1,0,0,0,1
arsenio,0,0,0,1,1
ascomput,0,0,0,1,1
aspir,0,0,0,1,1
asrulebas,1,0,0,0,1
ass,1,0,0,0,1
assembl,1,0,0,0,1
assimil,0,1,0,0,1
assumi,0,0,0,1,1
asystem,1,0,0,0,1
ate,1,0,0,0,1
ath,1,0,0,0,1
ati,1,0,0,0,1
atiatihana??,0,0,1,0,1
atleast,0,0,1,0,1
attitud,0,0,1,0,1
ata??,1,0,0,0,1
audibl,0,1,0,0,1
auedwiod,0,0,1,0,1
aueli,0,0,1,0,1
august,0,0,1,0,1
avenit,0,0,1,0,1
await,0,0,0,1,1
ayaa,1,0,0,0,1
ayjiqeureysn,0,0,1,0,1
baan,1,0,0,0,1
backbon,1,0,0,0,1
backend,1,0,0,0,1
backteri,1,0,0,0,1
bacnelor,0,0,1,0,1
bacomo,0,0,0,1,1
bag,0,0,0,1,1
baka,0,0,1,0,1
bale,0,1,0,0,1
balinghoy,0,0,0,1,1
bar,0,0,1,0,1
barmen,0,0,1,0,1
basicnet,1,0,0,0,1
bate,1,0,0,0,1
baug,0,0,1,0,1
bayugan,0,0,1,0,1
bear,0,0,0,1,1
beef,0,0,0,1,1
befo,0,0,1,0,1
befor,1,0,0,0,1
beforeprior,0,0,1,0,1
began,0,0,0,1,1
behaviour,0,0,0,1,1
belong,1,0,0,0,1
benefitcost,0,0,0,1,1
bere,1,0,0,0,1
bibliograph,1,0,0,0,1
bid,0,0,0,1,1
bidg,0,0,1,0,1
biel,1,0,0,0,1
biketreadmil,1,0,0,0,1
binat,1,0,0,0,1
bioga,0,0,0,1,1
biolog,1,0,0,0,1
birthday,0,0,0,1,1
bitmap,1,0,0,0,1
bldg,0,0,1,0,1
bleek,1,0,0,0,1
blossom,1,0,0,0,1
bodega,0,0,0,1,1
boia,1,0,0,0,1
boiler,0,0,0,1,1
bond,1,0,0,0,1
bonus,0,0,1,0,1
bookkeeperclerk,0,0,0,1,1
bootsrap,1,0,0,0,1
boredom,1,0,0,0,1
borrowersa??,0,0,1,0,1
borrowera??,0,0,1,0,1
bosi,1,0,0,0,1
bother,0,0,0,1,1
bowla??,1,0,0,0,1
box,0,0,1,0,1
boygirl,0,1,0,0,1
brace,0,0,1,0,1
brancha??,0,0,1,0,1
brave,1,0,0,0,1
breakdown,1,0,0,0,1
breakfasta??,0,0,1,0,1
breed,0,0,0,1,1
breeder,1,0,0,0,1
brey,1,0,0,0,1
brief,0,0,0,1,1
bright,0,1,0,0,1
broadbas,0,0,0,1,1
broadcast,1,0,0,0,1
broken,0,1,0,0,1
brood,0,0,0,1,1
bsc,0,1,0,0,1
bucto,0,0,0,1,1
bud,0,0,0,1,1
buiaosdd,0,0,1,0,1
builtup,1,0,0,0,1
buisnoo,0,0,1,0,1
bulid,0,0,1,0,1
bulsasbesip,0,0,1,0,1
buluan,0,0,0,1,1
bundl,0,0,1,0,1
buowm,0,0,1,0,1
burnout,0,0,1,0,1
businessman,0,0,0,1,1
businessa??,0,0,0,1,1
butldtng,0,0,1,0,1
butuanbranch,0,0,1,0,1
butuasn,1,0,0,0,1
butuon,0,0,0,1,1
buy,1,0,0,0,1
cabadbaran,0,1,0,0,1
cadt,1,0,0,0,1
caicul,0,1,0,0,1
calcar,0,0,0,1,1
camsca,1,0,0,0,1
candl,0,0,0,1,1
canker,1,0,0,0,1
canva,1,0,0,0,1
cana??t,1,0,0,0,1
capita,1,0,0,0,1
capitalist,0,0,0,1,1
capston,1,0,0,0,1
carenderia,0,0,0,1,1
cargo,0,0,0,1,1
carinderia,0,0,1,0,1
carp,0,0,1,0,1
carreon,0,0,0,1,1
casi,1,0,0,0,1
cast,1,0,0,0,1
categor,0,0,1,0,1
catigh,1,0,0,0,1
caupl,1,0,0,0,1
cctva??,0,0,1,0,1
certif,0,0,0,1,1
certifi,0,0,0,1,1
certifif,1,0,0,0,1
cesia,0,0,0,1,1
cett,1,0,0,0,1
chall,1,0,0,0,1
cheap,0,0,0,1,1
cheapest,0,0,0,1,1
checkpoint,1,0,0,0,1
chee,1,0,0,0,1
cher,0,0,1,0,1
chick,0,0,0,1,1
chief,0,0,1,0,1
chill,0,0,1,0,1
chip,0,0,0,1,1
chowkingsinc,0,0,1,0,1
chrismai,0,0,0,1,1
circumst,1,0,0,0,1
citizenri,1,0,0,0,1
civilian,1,0,0,0,1
classroomlearn,1,0,0,0,1
clearanc,0,0,0,1,1
clectron,0,0,0,1,1
cleric,0,1,0,0,1
clientfocus,0,0,0,1,1
clienta??,0,0,1,0,1
cloud,1,0,0,0,1
cmo,1,0,0,0,1
cnna??,0,1,0,0,1
coffe,0,0,1,0,1
coll,0,0,1,0,1
collat,0,0,0,1,1
collectio,0,0,1,0,1
commend,0,0,0,1,1
commerc,0,0,0,1,1
communitymanag,0,0,1,0,1
companiesavail,0,0,1,0,1
complain,0,0,1,0,1
complic,1,0,0,0,1
computerizedbas,1,0,0,0,1
cona,1,0,0,0,1
condiment,0,0,1,0,1
confectioneri,0,0,0,1,1
confer,0,0,1,0,1
confidenti,0,0,1,0,1
confin,0,0,0,1,1
conform,0,0,0,1,1
confront,1,0,0,0,1
confus,1,0,0,0,1
congression,0,0,0,1,1
consecut,1,0,0,0,1
consiant,1,0,0,0,1
conson,0,0,0,1,1
constantli,1,0,0,0,1
constitu,0,0,0,1,1
constitut,0,0,1,0,1
constru,0,0,1,0,1
cont,1,0,0,0,1
contigu,0,0,0,1,1
contrari,0,0,1,0,1
contro,1,0,0,0,1
cooki,0,0,0,1,1
cool,0,0,0,1,1
coomsca,0,0,1,0,1
copi,1,0,0,0,1
correspondingli,0,0,0,1,1
cote,1,0,0,0,1
cough,0,1,0,0,1
couldnt,1,0,0,0,1
couldna??t,1,0,0,0,1
counterpart,0,0,0,1,1
countrya??,1,0,0,0,1
courtesi,0,0,1,0,1
cousin,0,0,0,1,1
coven,0,0,1,0,1
cream,1,0,0,0,1
creati,0,1,0,0,1
cree,1,0,0,0,1
creek,0,0,0,1,1
cricuerr,0,0,1,0,1
crispi,0,0,1,0,1
crude,1,0,0,0,1
crue,1,0,0,0,1
cstoagt,0,1,0,0,1
culmin,1,0,0,0,1
culti,0,1,0,0,1
cupin,0,0,1,0,1
cupincompound,0,0,1,0,1
daar,1,0,0,0,1
dace,1,0,0,0,1
daniloa??,1,0,0,0,1
databaseth,1,0,0,0,1
dato,0,0,0,1,1
dayofcoordin,0,0,0,1,1
dean,1,0,0,0,1
deana??,0,1,0,0,1
debit,0,0,0,1,1
declin,1,0,0,0,1
decod,0,1,0,0,1
dedar,0,0,1,0,1
deepest,1,0,0,0,1
deepwel,0,0,0,1,1
deficit,0,0,0,1,1
defray,0,0,0,1,1
dehusk,0,0,0,1,1
delet,1,0,0,0,1
demand?,0,0,0,1,1
demwapscr,1,0,0,0,1
deni,0,0,0,1,1
denot,0,0,1,0,1
depreci,1,0,0,0,1
depress,0,0,0,1,1
descrint,0,0,1,0,1
deshel,0,0,0,1,1
dessert,0,0,1,0,1
deter,1,0,0,0,1
determ,0,0,0,1,1
dett,0,0,1,0,1
devalu,0,0,0,1,1
devast,1,0,0,0,1
develap,1,0,0,0,1
develep,1,0,0,0,1
develonment,1,0,0,0,1
developrn,1,0,0,0,1
deviat,0,0,0,1,1
devie,1,0,0,0,1
dey,0,0,0,1,1
dial,1,0,0,0,1
dialup,1,0,0,0,1
dictionari,1,0,0,0,1
digo,0,0,0,1,1
dimacan,0,0,1,0,1
diplodia,1,0,0,0,1
dire,0,0,0,1,1
disciplin,0,0,1,0,1
dispers,0,0,0,1,1
disrupt,0,1,0,0,1
distinct,1,0,0,0,1
distress,0,1,0,0,1
disturb,0,0,0,1,1
dition,0,0,1,0,1
divid,1,0,0,0,1
dividend,0,0,0,1,1
divulg,1,0,0,0,1
diysuequiew,0,0,1,0,1
doccansli,0,0,1,0,1
dole,1,0,0,0,1
dollar,0,0,0,1,1
dot,1,0,0,0,1
downsid,1,0,0,0,1
dpwh,0,0,0,1,1
drain,0,0,0,1,1
drawback,1,0,0,0,1
drink,0,0,1,0,1
drivera??,1,0,0,0,1
drought,1,0,0,0,1
drunk,1,0,0,0,1
dswd,1,0,0,0,1
duck,0,0,0,1,1
duplic,0,1,0,0,1
duringit,0,0,0,1,1
duroc,0,0,0,1,1
dust,1,0,0,0,1
eam,0,0,0,1,1
ear,0,0,0,1,1
east,0,0,0,1,1
ecommerc,1,0,0,0,1
ecotourist,1,0,0,0,1
edgardo,0,0,0,1,1
eighti,0,0,0,1,1
elabor,0,1,0,0,1
elementari,1,0,0,0,1
elicit,1,0,0,0,1
els,1,0,0,0,1
emit,1,0,0,0,1
empathi,0,0,1,0,1
empir,0,0,0,1,1
employemnt,0,0,0,1,1
empower,1,0,0,0,1
emrat,1,0,0,0,1
enab,1,0,0,0,1
enc,0,0,1,0,1
encompass,1,0,0,0,1
endeavor,0,0,0,1,1
endproduct,0,0,0,1,1
enferpris,0,0,0,1,1
enjoy,0,0,0,1,1
enlist,1,0,0,0,1
enterepris,0,0,0,1,1
entertain,1,0,0,0,1
entrepreneurship,0,0,0,1,1
enum,1,0,0,0,1
enunuoosip,0,0,1,0,1
envron,1,0,0,0,1
eol,1,0,0,0,1
eoustraint,0,1,0,0,1
epoch,0,1,0,0,1
epstein,0,0,1,0,1
equit,0,0,1,0,1
ericw,0,0,1,0,1
esearch,0,0,1,0,1
esperanza,0,0,0,1,1
est,0,1,0,0,1
eter,1,0,0,0,1
etf,1,0,0,0,1
etild,1,0,0,0,1
evalnu,0,0,1,0,1
evaluat,0,0,1,0,1
eventhough,0,0,1,0,1
evin,1,0,0,0,1
evolv,1,0,0,0,1
exactli,0,0,0,1,1
except,0,1,0,0,1
excess,0,1,0,0,1
exclud,0,0,0,1,1
exemplar,1,0,0,0,1
exemplifi,1,0,0,0,1
exempt,0,1,0,0,1
exert,0,0,1,0,1
exhibit,0,1,0,0,1
expertli,1,0,0,0,1
expiri,0,0,1,0,1
explicitli,0,0,1,0,1
exponenti,1,0,0,0,1
expori,0,0,0,1,1
execi,0,0,0,1,1
eysier,1,0,0,0,1
failur,0,1,0,0,1
fale,1,0,0,0,1
falsea??,1,0,0,0,1
familiar,1,0,0,0,1
famou,0,0,0,1,1
farther,0,0,0,1,1
fasten,1,0,0,0,1
fastest,0,0,0,1,1
fate,1,0,0,0,1
father,1,0,0,0,1
fault,1,0,0,0,1
favorit,0,0,1,0,1
fear,0,0,0,1,1
feasibilili,0,0,0,1,1
feat,1,0,0,0,1
fever,0,1,0,0,1
fick,1,0,0,0,1
fie,1,0,0,0,1
filli,0,0,0,1,1
fillin,0,0,0,1,1
fine,0,0,0,1,1
finishedreadi,0,0,0,1,1
fitter,1,0,0,0,1
fittl,0,0,0,1,1
flat,0,0,0,1,1
fnanctat,0,0,1,0,1
foam,1,0,0,0,1
foia,1,0,0,0,1
foiiowup,0,0,1,0,1
foil,1,0,0,0,1
forc,1,0,0,0,1
forese,0,0,0,1,1
forestbas,1,0,0,0,1
forestri,1,0,0,0,1
forget,1,0,0,0,1
forgot,0,0,1,0,1
forma,0,1,0,0,1
formai,1,0,0,0,1
forti,0,0,1,0,1
forum,1,0,0,0,1
fost,1,0,0,0,1
fraction,1,0,0,0,1
frameworkand,0,1,0,0,1
francisco,0,0,0,1,1
fraud,0,0,1,0,1
freezer,0,0,1,0,1
freight,0,0,0,1,1
fromm,1,0,0,0,1
frorn,1,0,0,0,1
frult,0,0,0,1,1
fuel,0,0,0,1,1
fulltext,1,0,0,0,1
fundament,1,0,0,0,1
funactian,1,0,0,0,1
furiction,0,0,1,0,1
fya??,1,0,0,0,1
gaat,1,0,0,0,1
gagni,0,0,0,1,1
garnish,0,0,1,0,1
gateway,1,0,0,0,1
geoserv,1,0,0,0,1
gera??,1,0,0,0,1
gin,1,0,0,0,1
gintongani,0,0,0,1,1
girl,0,1,0,0,1
gisbas,1,0,0,0,1
givena,1,0,0,0,1
glech,0,0,0,1,1
gloreto,0,0,1,0,1
goodqual,0,1,0,0,1
goolg,1,0,0,0,1
gover,0,0,0,1,1
gpio,1,0,0,0,1
gra,1,0,0,0,1
grabbag,1,0,0,0,1
grader,1,0,0,0,1
graft,0,0,0,1,1
graham,0,0,1,0,1
grain,0,0,0,1,1
granul,0,0,0,1,1
graph,0,1,0,0,1
grasp,1,0,0,0,1
greet,0,0,1,0,1
grile,0,0,1,0,1
groov,1,0,0,0,1
gross,0,0,0,1,1
gualiti,1,0,0,0,1
guard,0,0,1,0,1
guingona,0,0,0,1,1
gummosi,1,0,0,0,1
gym,0,0,1,0,1
habit,1,0,0,0,1
half,0,1,0,0,1
hamess,0,0,1,0,1
handicap,1,0,0,0,1
hardship,1,0,0,0,1
havent,0,0,1,0,1
hawilian,0,0,0,1,1
healrth,1,0,0,0,1
healthier,1,0,0,0,1
heart,0,0,0,1,1
heer,1,0,0,0,1
hei,1,0,0,0,1
height,1,0,0,0,1
heii,1,0,0,0,1
herd,1,0,0,0,1
herhi,0,1,0,0,1
herzberg,0,0,1,0,1
hesit,0,0,1,0,1
heve,0,0,0,1,1
highlight,0,0,0,1,1
highoccup,1,0,0,0,1
hightech,0,0,1,0,1
hilli,0,0,0,1,1
hing,1,0,0,0,1
hipon,0,0,1,0,1
hit,0,0,1,0,1
hoan,1,0,0,0,1
hog,0,0,0,1,1
hole,0,0,0,1,1
holi,0,0,1,0,1
holiday,0,0,0,1,1
homebas,0,0,1,0,1
honesti,0,0,1,0,1
hope,1,0,0,0,1
hose,1,0,0,0,1
houscetoiet,1,0,0,0,1
htmls5,1,0,0,0,1
hudgen,1,0,0,0,1
huin,0,0,1,0,1
husband,0,0,0,1,1
hydrat,1,0,0,0,1
hydroelectr,1,0,0,0,1
hyper,0,1,0,0,1
hyperga,0,1,0,0,1
hypothes,1,0,0,0,1
idl,0,0,1,0,1
ieadto,1,0,0,0,1
ignl,1,0,0,0,1
iheir,1,0,0,0,1
iisieahietaniicai,0,0,1,0,1
iiw,1,0,0,0,1
illumin,0,1,0,0,1
ilot,1,0,0,0,1
impiemeni,0,1,0,0,1
implementand,0,0,1,0,1
implementatio,1,0,0,0,1
improp,0,0,1,0,1
ina,1,0,0,0,1
inadequ,0,0,0,1,1
inal,1,0,0,0,1
incarfof,0,0,0,1,1
inclin,1,0,0,0,1
incomplet,0,0,1,0,1
increasingdecreas,0,0,0,1,1
incth,0,0,1,0,1
incumb,0,0,0,1,1
indexd1,1,0,0,0,1
individuala??,1,0,0,0,1
industriel,0,0,0,1,1
infant,1,0,0,0,1
infeqnit,0,0,1,0,1
informati,1,0,0,0,1
informationmost,0,0,1,0,1
infus,0,0,0,1,1
initl,0,0,1,0,1
instantli,1,0,0,0,1
institutiona??,1,0,0,0,1
intensifi,0,0,1,0,1
intercrop,0,0,0,1,1
interestingli,1,0,0,0,1
internetbas,0,0,0,1,1
interperson,0,0,1,0,1
interven,0,0,0,1,1
introduct,0,0,0,1,1
intrus,1,0,0,0,1
inventorytak,0,0,1,0,1
investrn,0,0,0,1,1
iou,0,1,0,0,1
iron,0,0,0,1,1
irrat,1,0,0,0,1
irrit,0,0,1,0,1
issi,0,1,0,0,1
issuanc,0,0,0,1,1
isto,1,0,0,0,1
itari,1,0,0,0,1
itati,1,0,0,0,1
itaa??,1,0,0,0,1
itbas,1,0,0,0,1
ite,1,0,0,0,1
itech,0,0,1,0,1
itreach,1,0,0,0,1
itsm,1,0,0,0,1
ive,0,0,0,1,1
jaena,0,0,1,0,1
jaguit,0,0,0,1,1
jail,1,0,0,0,1
jame,0,1,0,0,1
jaquunu,0,0,1,0,1
jejqao,0,0,1,0,1
jeloueul,0,0,1,0,1
jeloueuy,0,0,1,0,1
jeqien,0,0,1,0,1
jeym,0,0,1,0,1
jjeeww,0,0,1,0,1
jobe,0,0,1,0,1
jocelyn,0,1,0,0,1
joint,0,0,0,1,1
jose,0,0,0,1,1
jousiy,0,0,1,0,1
jqueryajax,1,0,0,0,1
jsatorr,0,0,1,0,1
jsnww,0,0,1,0,1
json,1,0,0,0,1
jsouajul,0,0,1,0,1
juswadui,0,0,1,0,1
jyoueq,0,0,1,0,1
kahoy,0,0,0,1,1
kamoteng,0,0,0,1,1
kananga,0,0,1,0,1
karekar,0,0,1,0,1
kernel,0,0,0,1,1
kitchenwar,0,0,1,0,1
knowhow,0,0,0,1,1
kraft,0,0,0,1,1
kudar,0,0,0,1,1
lanbas,1,0,0,0,1
landfil,1,0,0,0,1
landmark,0,0,0,1,1
landus,1,0,0,0,1
langihan,0,0,1,0,1
latent,0,1,0,0,1
later,0,0,0,1,1
lathyrit,0,0,0,1,1
leader,0,0,1,0,1
leam,1,0,0,0,1
lean,0,0,0,1,1
learnin,1,0,0,0,1
legisl,1,0,0,0,1
leisur,0,0,1,0,1
lene,1,0,0,0,1
lent,0,0,1,0,1
lerg,1,0,0,0,1
levela??,1,0,0,0,1
levela??,1,0,0,0,1
leverag,0,0,0,1,1
liber,1,0,0,0,1
libona,0,0,0,1,1
libra,1,0,0,0,1
librak,1,0,0,0,1
licens,0,0,0,1,1
liek,1,0,0,0,1
lighter,0,0,0,1,1
ligt,1,0,0,0,1
likelihood,0,0,1,0,1
ling,1,0,0,0,1
linguist,0,1,0,0,1
linkag,0,0,0,1,1
literaci,0,0,0,1,1
lla??,1,0,0,0,1
loami,0,0,0,1,1
logist,0,0,1,0,1
low,1,0,0,0,1
lowcalori,0,0,0,1,1
lowlevel,0,1,0,0,1
lterek,1,0,0,0,1
luat,0,0,1,0,1
lucki,0,0,0,1,1
lucr,0,0,0,1,1
lui,0,0,0,1,1
luna,0,0,1,0,1
lynn,0,0,0,1,1
mack,0,0,0,1,1
macroscop,0,1,0,0,1
mahay,1,0,0,0,1
maia,1,0,0,0,1
maida,0,0,0,1,1
makeup,0,0,0,1,1
makin,0,1,0,0,1
malanang,0,0,0,1,1
malfunct,1,0,0,0,1
malw,0,1,0,0,1
man,0,0,0,1,1
managemeni,1,0,0,0,1
mandat,1,0,0,0,1
manifest,0,0,0,1,1
manifold,0,0,0,1,1
manila,0,0,0,1,1
manner,1,0,0,0,1
manokni,0,0,0,1,1
mar,1,0,0,0,1
marcot,0,0,0,1,1
mare,1,0,0,0,1
mate,1,0,0,0,1
maten,0,0,1,0,1
mater,1,0,0,0,1
matric,0,1,0,0,1
matuan,0,0,1,0,1
matur,0,0,0,1,1
meati,0,0,1,0,1
mebil,1,0,0,0,1
mechel,0,1,0,0,1
meer,1,0,0,0,1
melt,1,0,0,0,1
memaneri,1,0,0,0,1
membersborrow,0,0,1,0,1
memborsborrow,0,0,1,0,1
memorandum,0,0,0,1,1
meng,1,0,0,0,1
ment,0,0,0,1,1
mess,1,0,0,0,1
mestl,0,0,1,0,1
meth,1,0,0,0,1
methodth,0,0,1,0,1
methodus,0,0,1,0,1
metro,0,0,0,1,1
microbiologist,0,1,0,0,1
microscop,0,1,0,0,1
middl,0,0,1,0,1
middlewar,1,0,0,0,1
migia,1,0,0,0,1
mildew,1,0,0,0,1
mile,1,0,0,0,1
miscount,0,0,1,0,1
mistak,1,0,0,0,1
mistakenli,0,0,1,0,1
mlx90614,1,0,0,0,1
mmangium,0,0,0,1,1
mma??,1,0,0,0,1
mold,1,0,0,0,1
moncgerr,0,0,0,1,1
monday,0,0,0,1,1
monopol,0,0,0,1,1
mont,0,0,0,1,1
montil,0,0,1,0,1
moresco,0,0,0,1,1
morpholog,0,1,0,0,1
mostli,0,0,0,1,1
motivationalfactor,0,0,1,0,1
motivationand,0,0,1,0,1
mould,1,0,0,0,1
mouth,0,0,1,0,1
movi,0,1,0,0,1
mpu6050,1,0,0,0,1
mryl,0,0,0,1,1
mscanner,1,0,0,0,1
muchneed,1,0,0,0,1
multicriteria,1,0,0,0,1
muritula,0,0,0,1,1
mysol,1,0,0,0,1
nanci,0,0,0,1,1
napkin,0,0,1,0,1
narrow,0,0,0,1,1
nearer,1,0,0,0,1
neda,0,0,0,1,1
neighbour,0,0,0,1,1
nena,1,0,0,0,1
nevertheless,0,0,1,0,1
news,1,0,0,0,1
nice,1,0,0,0,1
nicknam,0,0,0,1,1
nienc,0,0,1,0,1
nieza,0,1,0,0,1
nilagang,0,0,1,0,1
nineti,0,0,0,1,1
ninetytwo,0,0,0,1,1
nitrogen,0,0,0,1,1
nned,1,0,0,0,1
nner,1,0,0,0,1
node,1,0,0,0,1
nodemcu,1,0,0,0,1
nois,0,1,0,0,1
nonconflict,0,1,0,0,1
nonexist,1,0,0,0,1
nongovern,1,0,0,0,1
nonmasi,1,0,0,0,1
nonprofit,0,0,0,1,1
nonsal,0,0,1,0,1
nonstock,0,0,0,1,1
notabl,1,0,0,0,1
nottruetotyp,0,0,0,1,1
nova,0,0,1,0,1
novel,0,0,1,0,1
nurtur,1,0,0,0,1
nutriment,0,0,0,1,1
nutritiona??,1,0,0,0,1
o7og,1,0,0,0,1
obrero,0,0,1,0,1
obsess,1,0,0,0,1
ocean,1,0,0,0,1
ochavillo,0,0,0,1,1
ochoa,0,0,0,1,1
odbc,0,1,0,0,1
odeg,1,0,0,0,1
odumecnt,0,0,1,0,1
ofaa,0,0,1,0,1
offend,1,0,0,0,1
officerincharg,1,0,0,0,1
offspr,1,0,0,0,1
oge,1,0,0,0,1
olcud,1,0,0,0,1
omea??,1,0,0,0,1
oneyear,0,0,0,1,1
ongo,1,0,0,0,1
onsenui,1,0,0,0,1
opal,1,0,0,0,1
openend,0,0,0,1,1
operation,0,0,0,1,1
operatronat,0,0,1,0,1
oppo,1,0,0,0,1
opt,0,0,0,1,1
optima,1,0,0,0,1
orchid,0,0,0,1,1
ore,1,0,0,0,1
orem,1,0,0,0,1
orma,0,1,0,0,1
osa,1,0,0,0,1
osasguid,1,0,0,0,1
otherwis,1,0,0,0,1
ouegg,1,0,0,0,1
outcomesbas,1,0,0,0,1
outdat,1,0,0,0,1
outlay,0,0,0,1,1
outstand,0,0,1,0,1
oua??,1,0,0,0,1
overlap,0,1,0,0,1
overli,0,0,0,1,1
ovi,1,0,0,0,1
ownersoper,1,0,0,0,1
owa??,1,0,0,0,1
oa??,1,0,0,0,1
p10720298108,0,0,0,1,1
p1085300,0,0,0,1,1
p1085912800,0,0,0,1,1
p1098632194,0,0,0,1,1
p12000,0,0,0,1,1
p1232288385,0,0,0,1,1
p129,0,0,0,1,1
p133164400,0,0,0,1,1
p170000000,0,0,0,1,1
p2246,0,0,0,1,1
p225,0,0,0,1,1
p2326956000,0,0,0,1,1
p2500,0,0,0,1,1
p250000000,0,0,0,1,1
p2526178108,0,0,0,1,1
p295010500,0,0,0,1,1
p30000000,0,0,0,1,1
p3000000000,0,0,0,1,1
p35000000,0,0,0,1,1
p35539100,0,0,0,1,1
p39122300,0,0,0,1,1
p39937100,0,0,0,1,1
p42322764,0,0,0,1,1
p437600000,0,0,0,1,1
p4481010500,0,0,0,1,1
p45000000,0,0,0,1,1
p455500000,0,0,0,1,1
p500,0,0,0,1,1
p59000000,0,0,0,1,1
p60000000,0,0,0,1,1
p7720298108,0,0,0,1,1
p7756520000,0,0,0,1,1
p80000000,0,0,0,1,1
p85000000,0,0,0,1,1
p98730000,0,0,0,1,1
p995686,0,0,0,1,1
paap,1,0,0,0,1
paar,1,0,0,0,1
paat,1,0,0,0,1
paesa??,1,0,0,0,1
pagasa,1,0,0,0,1
pajeaiep,0,0,1,0,1
palat,1,0,0,0,1
pald,0,0,0,1,1
palq,0,0,1,0,1
parcitt,0,0,0,1,1
parentteach,1,0,0,0,1
parin,0,0,0,1,1
partial,0,0,1,0,1
particl,0,1,0,0,1
partli,0,0,0,1,1
pasia,0,0,1,0,1
pastureland,1,0,0,0,1
pata,0,0,1,0,1
patientsa??,1,0,0,0,1
patienta??,1,0,0,0,1
patronag,0,0,1,0,1
payedx,0,0,1,0,1
payjesun,0,0,1,0,1
paylun,0,0,1,0,1
pdftxt,1,0,0,0,1
pea,1,0,0,0,1
peac,1,0,0,0,1
peay,1,0,0,0,1
pebeueyi,0,0,1,0,1
pedagog,1,0,0,0,1
pediatrician,1,0,0,0,1
peer,0,1,0,0,1
peg,0,0,0,1,1
pell,1,0,0,0,1
pen,0,0,0,1,1
pepe,1,0,0,0,1
percept,1,0,0,0,1
perfect,0,0,0,1,1
perfonn,1,0,0,0,1
peri,1,0,0,0,1
perimet,0,0,0,1,1
perman,0,0,0,1,1
permit,0,0,0,1,1
persist,0,0,1,0,1
personn,0,0,0,1,1
persona??,1,0,0,0,1
pertorm,0,0,1,0,1
peseg,0,0,1,0,1
peterson,0,0,0,1,1
pett,1,0,0,0,1
phoma,1,0,0,0,1
phonolog,0,1,0,0,1
phosphoru,0,0,0,1,1
photohapi,0,0,0,1,1
physiolog,0,0,0,1,1
pian,1,0,0,0,1
pickup,1,0,0,0,1
piet,1,0,0,0,1
piglet,0,0,0,1,1
pilferag,0,0,1,0,1
pill,1,0,0,0,1
pine,1,0,0,0,1
pink,1,0,0,0,1
pinoy,0,0,1,0,1
pisien,0,0,0,1,1
pita,0,0,1,0,1
plea,1,0,0,0,1
pleas,0,0,0,1,1
plot,1,0,0,0,1
pointforward,1,0,0,0,1
polit,0,0,0,1,1
pone,1,0,0,0,1
pooh,1,0,0,0,1
poorli,0,0,1,0,1
portlon,0,0,0,1,1
posgr,1,0,0,0,1
posi,1,0,0,0,1
postal,0,0,1,0,1
postmodern,0,1,0,0,1
postnat,1,0,0,0,1
potassium,0,0,0,1,1
pouliri,0,0,0,1,1
poverti,0,0,0,1,1
powderi,1,0,0,0,1
practico,0,0,1,0,1
precount,0,0,1,0,1
predomin,0,1,0,0,1
preduc,0,0,0,1,1
pree,1,0,0,0,1
premium,0,0,1,0,1
presbitero,0,1,0,0,1
prevail,0,0,0,1,1
previous,0,0,0,1,1
pride,0,0,0,1,1
priorit,1,0,0,0,1
prioriti,0,1,0,0,1
problern,1,0,0,0,1
profess,0,1,0,0,1
profi,0,0,0,1,1
profound,0,0,0,1,1
projecta??,1,0,0,0,1
promo,0,0,0,1,1
proponeni,1,0,0,0,1
proprietor,0,0,0,1,1
proprietorshipwith,0,0,0,1,1
propriactair,0,0,1,0,1
prospect,0,0,0,1,1
prospectu,0,0,0,1,1
prosper,0,0,0,1,1
prosperidad,0,0,0,1,1
proven,1,0,0,0,1
provis,1,0,0,0,1
psycholog,1,0,0,0,1
psychomotor,1,0,0,0,1
puke,0,0,1,0,1
pulledout,0,0,1,0,1
punta,0,0,0,1,1
push,1,0,0,0,1
put,0,0,0,1,1
puuno,0,0,1,0,1
qgi,1,0,0,0,1
qualiz,0,1,0,0,1
quantifi,0,0,1,0,1
quickli,1,0,0,0,1
quiet,0,0,1,0,1
quit,0,0,1,0,1
raat,1,0,0,0,1
rai,1,0,0,0,1
raiser,0,0,0,1,1
raoof,1,0,0,0,1
ratepurpos,0,0,1,0,1
rather,0,0,1,0,1
rational,0,0,0,1,1
raa??,1,0,0,0,1
rdoacadc516003,0,0,1,0,1
rdoacadc516013,0,0,1,0,1
rdoacadcs1,0,0,1,0,1
rdoacadcs16012,0,0,1,0,1
rdoacadcs17007,0,0,1,0,1
rdoacadcs17009,0,0,1,0,1
rdoacadcs17010,0,0,1,0,1
rdoacadcs17012,0,0,1,0,1
rdoacadcs4,0,0,1,0,1
reaaaren,1,0,0,0,1
reaction,1,0,0,0,1
reag,0,0,1,0,1
rear,0,0,0,1,1
reassur,1,0,0,0,1
recent,0,1,0,0,1
recipi,1,0,0,0,1
recor,1,0,0,0,1
recount,0,0,1,0,1
recruit,0,0,1,0,1
redund,1,0,0,0,1
reedem,0,0,1,0,1
reereera??,1,0,0,0,1
referr,0,0,1,0,1
regardless,0,0,0,1,1
registrar,1,0,0,0,1
reglon,0,0,0,1,1
rehabilit,1,0,0,0,1
relax,0,0,1,0,1
reliev,0,1,0,0,1
remitt,0,0,0,1,1
renew,0,0,0,1,1
renov,0,0,1,0,1
repackag,0,0,0,1,1
repair,0,0,1,0,1
repli,1,0,0,0,1
replic,1,0,0,0,1
repositori,1,0,0,0,1
rept,1,0,0,0,1
republ,1,0,0,0,1
researcherstructur,0,0,1,0,1
residenti,0,0,0,1,1
resultdriven,0,0,0,1,1
retent,0,0,1,0,1
retum,0,0,0,1,1
rfid,0,1,0,0,1
rfu10,0,0,0,1,1
rganiz,1,0,0,0,1
rhythmic,1,0,0,0,1
riboflavin,0,0,0,1,1
rictier,0,0,0,1,1
riedacadcs18008,0,0,1,0,1
riici,0,0,1,0,1
riisi,0,0,1,0,1
rime,1,0,0,0,1
rival,0,0,0,1,1
rizal,0,0,0,1,1
rnore,1,0,0,0,1
robust,1,0,0,0,1
rom,1,0,0,0,1
rotat,0,1,0,0,1
rote,1,0,0,0,1
rovid,1,0,0,0,1
rubya??,0,0,1,0,1
rufaran,0,0,0,1,1
ruleset,1,0,0,0,1
saad,1,0,0,0,1
saea??,1,0,0,0,1
safetya??,1,0,0,0,1
sage,1,0,0,0,1
sai,1,0,0,0,1
saint,0,0,1,0,1
sajoau,0,0,1,0,1
salabat,0,0,1,0,1
saldi0d,0,0,1,0,1
saleabl,0,0,1,0,1
salmon,0,0,1,0,1
sameday,0,0,0,1,1
sanction,0,0,1,0,1
sani,1,0,0,0,1
saop,0,0,1,0,1
sasiyo,0,0,1,0,1
sate,1,0,0,0,1
satellit,0,0,1,0,1
satisti,0,0,1,0,1
satorr,0,0,1,0,1
saturday,0,0,0,1,1
sayiubi,0,0,1,0,1
sbe,1,0,0,0,1
sbir,1,0,0,0,1
sbula,0,0,1,0,1
scab,1,0,0,0,1
scarch,1,0,0,0,1
scare,0,0,0,1,1
scent,0,0,1,0,1
sched,0,1,0,0,1
sciencebas,1,0,0,0,1
seait,1,0,0,0,1
seaport,0,0,0,1,1
seck,1,0,0,0,1
seco,1,0,0,0,1
sectarian,0,0,0,1,1
seedl,0,0,0,1,1
seeker,0,0,0,1,1
seful,1,0,0,0,1
sei,1,0,0,0,1
selector,1,0,0,0,1
selfevalu,1,0,0,0,1
selffinanc,0,0,0,1,1
selfreli,0,0,0,1,1
selv,1,0,0,0,1
semant,0,1,0,0,1
seneern,1,0,0,0,1
sener,1,0,0,0,1
sentiment,0,0,1,0,1
sentreceiv,0,1,0,0,1
sere,1,0,0,0,1
sesser,1,0,0,0,1
session,0,0,1,0,1
sete,1,0,0,0,1
seu,1,0,0,0,1
sevenday,0,1,0,0,1
seweyo,0,0,1,0,1
sgmpc,0,0,1,0,1
shae,1,0,0,0,1
shatter,0,1,0,0,1
shectar,0,0,0,1,1
shelf,0,0,1,0,1
shelv,0,0,1,0,1
shini,0,0,0,1,1
shore,1,0,0,0,1
shorten,0,0,1,0,1
showerbachelor,0,0,0,1,1
shulpuy,0,0,1,0,1
siaaeicda,1,0,0,0,1
sibl,0,1,0,0,1
sieg,1,0,0,0,1
siequiewod,0,0,1,0,1
sier,1,0,0,0,1
siet,1,0,0,0,1
sigh,1,0,0,0,1
signaltrigg,0,1,0,0,1
signatur,0,0,1,0,1
sillvertona??,0,0,1,0,1
silvertonth,0,0,1,0,1
similarli,1,0,0,0,1
simplier,1,0,0,0,1
simul,1,0,0,0,1
sire,1,0,0,0,1
sixti,1,0,0,0,1
sjaquiaww,0,0,1,0,1
sjeyoeasa,0,0,1,0,1
sjoquialu,0,0,1,0,1
skyrocket,0,0,0,1,1
slay,0,0,1,0,1
sleepless,1,0,0,0,1
slightli,0,0,1,0,1
slip,0,0,1,0,1
slit,1,0,0,0,1
slockhold,0,0,0,1,1
slot,0,1,0,0,1
sloven,0,0,1,0,1
sludi,0,0,1,0,1
smaller,1,0,0,0,1
smallest,1,0,0,0,1
smile,0,0,1,0,1
snack,0,0,0,1,1
so19261,1,0,0,0,1
so91261,1,0,0,0,1
societ,1,0,0,0,1
socioeconomicenvironment,0,0,0,1,1
socket,1,0,0,0,1
solash,1,0,0,0,1
somebodi,1,0,0,0,1
someth,0,0,1,0,1
sometimesth,0,0,1,0,1
somewhat,0,0,1,0,1
sooti,1,0,0,0,1
sore,0,1,0,0,1
soueyu,0,0,1,0,1
soul,1,0,0,0,1
sowojd,0,0,1,0,1
spaciou,0,0,0,1,1
spe,1,0,0,0,1
spelt,1,0,0,0,1
spite,0,0,0,1,1
spoil,0,0,0,1,1
spous,0,0,0,1,1
squar,0,0,0,1,1
ssauisng,0,0,1,0,1
ssment,1,0,0,0,1
ssnedeq,0,0,1,0,1
ssa?,0,0,1,0,1
sta,1,0,0,0,1
stack,0,0,0,1,1
stapl,0,0,0,1,1
starter,0,0,0,1,1
stateof,0,1,0,0,1
stationari,1,0,0,0,1
statistci,0,0,0,1,1
stem,1,0,0,0,1
stimul,0,0,1,0,1
stipend,1,0,0,0,1
stockroom,0,0,1,0,1
stocksa??,0,0,1,0,1
storehous,0,0,0,1,1
storea??,0,0,1,0,1
strategiesmethod,0,0,1,0,1
streamlin,1,0,0,0,1
strenghthen,0,0,1,0,1
strength,1,0,0,0,1
stress,0,0,1,0,1
stroll,0,1,0,0,1
stte,1,0,0,0,1
stud,0,0,0,1,1
subjecttofaculti,0,1,0,0,1
subprogram,1,0,0,0,1
subsequ,0,0,0,1,1
subsid,0,0,0,1,1
substant,0,0,0,1,1
substructur,1,0,0,0,1
suclleg,0,0,1,0,1
sueo,0,0,1,0,1
sullan,0,0,0,1,1
summar,1,0,0,0,1
sunday,0,0,0,1,1
suoheidoss,0,0,1,0,1
supportbenefit,0,0,1,0,1
surf,1,0,0,0,1
suro,0,0,1,0,1
suslwesipseap,0,0,1,0,1
suspect,1,0,0,0,1
suyj,0,0,1,0,1
svulleg,0,0,1,0,1
swift,0,0,0,1,1
swipe,0,1,0,0,1
syeudosdd,0,0,1,0,1
synchron,1,0,0,0,1
syntact,0,1,0,0,1
syoddn,0,0,1,0,1
sysiem,1,0,0,0,1
syst,1,0,0,0,1
systemob,0,1,0,0,1
system?to,1,0,0,0,1
syubijod,0,0,1,0,1
sziwuiuilu,0,0,1,0,1
sa,1,0,0,0,1
t7a?,1,0,0,0,1
tabinga,0,0,0,1,1
taglatawan,0,0,1,0,1
taiata,1,0,0,0,1
tayaba,0,0,0,1,1
tech,0,0,1,0,1
technologyin,1,0,0,0,1
technologyrel,1,0,0,0,1
tedi,0,1,0,0,1
tee,1,0,0,0,1
tegnnoleay,1,0,0,0,1
tekton,0,0,1,0,1
telefax,0,0,0,1,1
tens,0,1,0,0,1
terc,1,0,0,0,1
teturn,0,0,0,1,1
textbook,0,0,1,0,1
texttospeech,0,1,0,0,1
theart,0,1,0,0,1
theend,0,0,1,0,1
thei,1,0,0,0,1
theyr,1,0,0,0,1
theyv,1,0,0,0,1
thoir,0,0,1,0,1
thrive,0,0,0,1,1
throat,0,1,0,0,1
thrown,1,0,0,0,1
thrust,0,0,0,1,1
tic,1,0,0,0,1
tieup,0,0,0,1,1
tigen,1,0,0,0,1
tiller,1,0,0,0,1
timepermiss,0,1,0,0,1
timesav,0,0,0,1,1
timesensit,1,0,0,0,1
tion,0,0,1,0,1
tip,1,0,0,0,1
tisk,0,1,0,0,1
tissu,0,0,0,1,1
tittl,0,0,0,1,1
todaya??,0,0,1,0,1
toiletri,0,0,1,0,1
toler,0,0,0,1,1
toleratedupon,0,0,1,0,1
tongu,1,0,0,0,1
toolappl,1,0,0,0,1
tort,1,0,0,0,1
tractor,0,0,1,0,1
transmiss,1,0,0,0,1
tration,0,0,1,0,1
treasur,1,0,0,0,1
treat,1,0,0,0,1
trento,0,0,0,1,1
troublesom,1,0,0,0,1
truli,0,0,0,1,1
truste,0,0,0,1,1
tuan,0,1,0,0,1
tune,0,0,0,1,1
ture,1,0,0,0,1
tusk,0,0,1,0,1
twentyf,1,0,0,0,1
twilio,1,0,0,0,1
tyne,1,0,0,0,1
ule,0,1,0,0,1
ulego,0,0,1,0,1
ultrasound,0,0,1,0,1
unauthor,1,0,0,0,1
unborn,1,0,0,0,1
unburden,0,0,0,1,1
uncensor,1,0,0,0,1
uncertainti,0,0,0,1,1
uncount,0,0,1,0,1
undergon,1,0,0,0,1
undergradu,1,0,0,0,1
understood,1,0,0,0,1
undertakean,0,0,0,1,1
underw,1,0,0,0,1
undress,0,0,0,1,1
unexpect,1,0,0,0,1
unhealthi,1,0,0,0,1
unlik,1,0,0,0,1
unpract,0,0,1,0,1
unprocess,0,0,0,1,1
unrecov,0,0,1,0,1
unsayawon,0,0,0,1,1
unserv,0,0,0,1,1
una??,1,0,0,0,1
uoeioosss,0,0,1,0,1
uoheidossi,0,0,1,0,1
uohoesuel,0,0,1,0,1
uolelooss,0,0,1,0,1
uonduosap,0,0,1,0,1
updateimprov,0,0,1,0,1
uplift,0,0,0,1,1
uponbefor,0,0,1,0,1
upward,0,0,0,1,1
userstravel,1,0,0,0,1
usesystem,1,0,0,0,1
vacat,1,0,0,0,1
vail,1,0,0,0,1
vali,1,0,0,0,1
valuabl,0,0,1,0,1
vastli,0,1,0,0,1
vave,0,0,1,0,1
vbutlartwt,0,0,1,0,1
veget,0,0,0,1,1
veloc,1,0,0,0,1
verb,1,0,0,0,1
versa,0,0,1,0,1
versu,0,0,1,0,1
vice,0,0,1,0,1
viet,1,0,0,0,1
viii,0,0,0,1,1
vile,1,0,0,0,1
villa,0,0,1,0,1
ving,1,0,0,0,1
visaya,0,0,0,1,1
visitor,1,0,0,0,1
vshape,1,0,0,0,1
vuej,1,0,0,0,1
vuhcyy,0,0,1,0,1
waiter,0,0,1,0,1
walkin,0,0,1,0,1
ware,1,0,0,0,1
wareh,0,0,0,1,1
warm,1,0,0,0,1
watt,0,0,1,0,1
weari,0,0,1,0,1
webcam,1,0,0,0,1
webgi,1,0,0,0,1
welcom,0,0,1,0,1
welgh,0,0,0,1,1
wera,1,0,0,0,1
wertal,1,0,0,0,1
western,0,0,0,1,1
whatev,1,0,0,0,1
wherebi,0,0,0,1,1
whet,1,0,0,0,1
whieh,1,0,0,0,1
whim,1,0,0,0,1
wigg,1,0,0,0,1
wiglali,1,0,0,0,1
wilh,0,0,0,1,1
winitoee,1,0,0,0,1
wipe,0,1,0,0,1
withdraw,0,0,1,0,1
women,1,0,0,0,1
wont,0,0,0,1,1
woof,1,0,0,0,1
wore,1,0,0,0,1
workstat,1,0,0,0,1
worth,0,0,0,1,1
wosinod,0,0,1,0,1
wosiwod,0,0,1,0,1
woso,1,0,0,0,1
xhdpi,1,0,0,0,1
xray,0,0,1,0,1
xrayultrasound,0,0,1,0,1
year2727,0,0,0,1,1
yeman,0,0,0,1,1
yemana,0,0,0,1,1
ygnosi,0,0,1,0,1
yiki,1,0,0,0,1
yoddn,0,0,1,0,1
yore,1,0,0,0,1
yorum,0,0,1,0,1
your,1,0,0,0,1
yvuoeissssv,1,0,0,0,1
zinc,0,0,0,1,1
zone,0,0,0,1,1
aa,0,0,1,0,1
aca??,1,0,0,0,1
a??5,1,0,0,0,1
a??a0,1,0,0,0,1
a??a2,1,0,0,0,1
a??ag,1,0,0,0,1
a??ake,1,0,0,0,1
a??ane,1,0,0,0,1
a??aunti,0,0,1,0,1
a??autom,0,1,0,0,1
a??buffer,0,0,1,0,1
a??d,1,0,0,0,1
a??ena,1,0,0,0,1
a??esodindsey,0,0,1,0,1
a??hat,1,0,0,0,1
a??hd,0,0,1,0,1
a??hear,1,0,0,0,1
a??hotel,0,0,1,0,1
a??ht,1,0,0,0,1
a??ial,1,0,0,0,1
a??ifthena??,0,1,0,0,1
a??ifthena??a??,0,1,0,0,1
a??ig,1,0,0,0,1
a??ii,1,0,0,0,1
a??iy,1,0,0,0,1
a??j,1,0,0,0,1
a??ke,1,0,0,0,1
a??le,1,0,0,0,1
a??li,0,0,1,0,1
a??nevera??,0,0,1,0,1
a??ni,1,0,0,0,1
a??oe,1,0,0,0,1
a??og,1,0,0,0,1
a??oh,1,0,0,0,1
a??oii,1,0,0,0,1
a??on,0,0,1,0,1
a??se,1,0,0,0,1
a??sigh,1,0,0,0,1
a??sjnni,0,0,1,0,1
a??ss,0,0,1,0,1
a??sysodap,0,0,1,0,1
a??tee,1,0,0,0,1
a??th,1,0,0,0,1
a??the,0,0,1,0,1
a??ti,1,0,0,0,1
a??trulsea??,1,0,0,0,1
a??ue,1,0,0,0,1
a??vee,1,0,0,0,1
a??wamasse00,0,0,1,0,1
a??water,1,0,0,0,1
a??wi,1,0,0,0,1
a??yo,1,0,0,0,1
a??yy,1,0,0,0,1
a??ac,1,0,0,0,1
a??aR,0,0,1,0,1
a??a?,1,0,0,0,1
a??a??,1,0,0,0,1
a??a??a?,1,0,0,0,1
a??2,1,0,0,0,1
a??4,1,0,0,0,1
a??7,1,0,0,0,1
a??8,1,0,0,0,1
a??9,1,0,0,0,1
a??a2,1,0,0,0,1
a??acceptablea??,1,0,0,0,1
a??add,1,0,0,0,1
a??al,1,0,0,0,1
a??answer,1,0,0,0,1
a??apn,0,0,1,0,1
a??aunnwwod,0,0,1,0,1
a??bal,1,0,0,0,1
a??cow,1,0,0,0,1
a??diysuequiow,0,0,1,0,1
a??ef,1,0,0,0,1
a??emt,1,0,0,0,1
a??er,1,0,0,0,1
a??erq,1,0,0,0,1
a??gee,1,0,0,0,1
a??h,1,0,0,0,1
a??ihn,1,0,0,0,1
a??il,1,0,0,0,1
a??it,1,0,0,0,1
a??junooo,0,0,1,0,1
a??nt,1,0,0,0,1
a??oe,1,0,0,0,1
a??og,1,0,0,0,1
a??oie,1,0,0,0,1
a??ow,1,0,0,0,1
a??pay,1,0,0,0,1
a??r,1,0,0,0,1
a??sbulop,0,0,1,0,1
a??se,1,0,0,0,1
a??siasod,0,0,1,0,1
a??sisqwialw,0,0,1,0,1
a??ssaquuaw,0,0,1,0,1
a??t,1,0,0,0,1
a??tee,1,0,0,0,1
a??toa,1,0,0,0,1
a??ult,1,0,0,0,1
a??uoheedx,0,0,1,0,1
a??vad,1,0,0,0,1
a??water,1,0,0,0,1
a??wd,1,0,0,0,1
a??woa,1,0,0,0,1
a??wwu9,0,0,1,0,1
a??yeed,0,0,1,0,1
a??yh,1,0,0,0,1
a??yyeueq,0,0,1,0,1
a??aR,0,0,1,0,1
a??a??,1,0,0,0,1
?suppli,0,0,0,1,1
